name,category,ts_us,duration_us,tid,pid
G11_QKV_PROJECTION,user_annotation,7526523137408.657,2027.923,1172161,1172161
G11_BF16_ATTN,user_annotation,7526523202309.53,1060.439,1172161,1172161
G11_ATTN_OUTPUT_PROJECTION,user_annotation,7526523203444.665,963.798,1172161,1172161
G11_QKV_PROJECTION,user_annotation,7526523208398.835,2156.724,1172161,1172161
G11_BF16_ATTN,user_annotation,7526523289916.911,1160.295,1172161,1172161
G11_ATTN_OUTPUT_PROJECTION,user_annotation,7526523291173.397,1050.092,1172161,1172161
G11_QKV_PROJECTION,user_annotation,7526523300857.535,3036.46,1172161,1172161
G11_BF16_ATTN,user_annotation,7526523377378.885,1104.648,1172161,1172161
G11_ATTN_OUTPUT_PROJECTION,user_annotation,7526523378566.793,1011.242,1172161,1172161
G11_QKV_PROJECTION,user_annotation,7526523384601.543,1854.761,1172161,1172161
G11_BF16_ATTN,user_annotation,7526523463684.3,1104.137,1172161,1172161
G11_ATTN_OUTPUT_PROJECTION,user_annotation,7526523464875.643,1188.459,1172161,1172161
G11_QKV_PROJECTION,user_annotation,7526523470641.563,2199.761,1172161,1172161
G11_BF16_ATTN,user_annotation,7526523515454.482,734.559,1172161,1172161
G11_ATTN_OUTPUT_PROJECTION,user_annotation,7526523516261.815,666.382,1172161,1172161
G11_QKV_PROJECTION,user_annotation,7526523520535.961,1884.227,1172161,1172161
G11_BF16_ATTN,user_annotation,7526523559324.697,805.78,1172161,1172161
G11_ATTN_OUTPUT_PROJECTION,user_annotation,7526523560210.512,830.96,1172161,1172161
G11_QKV_PROJECTION,user_annotation,7526523564620.561,1908.645,1172161,1172161
G11_BF16_ATTN,user_annotation,7526523607152.302,814.133,1172161,1172161
G11_ATTN_OUTPUT_PROJECTION,user_annotation,7526523608041.473,805.99,1172161,1172161
G11_QKV_PROJECTION,user_annotation,7526523612311.222,1948.718,1172161,1172161
G11_BF16_ATTN,user_annotation,7526523651647.033,801.274,1172161,1172161
G11_ATTN_OUTPUT_PROJECTION,user_annotation,7526523652521.772,815.085,1172161,1172161
G11_QKV_PROJECTION,user_annotation,7526523656779.552,1793.826,1172161,1172161
G11_BF16_ATTN,user_annotation,7526523695221.145,933.55,1172161,1172161
G11_ATTN_OUTPUT_PROJECTION,user_annotation,7526523696228.961,813.413,1172161,1172161
G11_QKV_PROJECTION,user_annotation,7526523700636.967,1901.544,1172161,1172161
G11_BF16_ATTN,user_annotation,7526523740295.774,807.443,1172161,1172161
G11_ATTN_OUTPUT_PROJECTION,user_annotation,7526523741182.551,812.16,1172161,1172161
G11_QKV_PROJECTION,user_annotation,7526523745431.417,1780.385,1172161,1172161
G11_BF16_ATTN,user_annotation,7526523784422.369,806.582,1172161,1172161
G11_ATTN_OUTPUT_PROJECTION,user_annotation,7526523785313.383,802.896,1172161,1172161
G11_QKV_PROJECTION,user_annotation,7526523789645.951,2244.24,1172161,1172161
G11_BF16_ATTN,user_annotation,7526523832826.416,868.168,1172161,1172161
G11_ATTN_OUTPUT_PROJECTION,user_annotation,7526523833761.399,692.183,1172161,1172161
G11_QKV_PROJECTION,user_annotation,7526523838024.988,1865.739,1172161,1172161
G11_BF16_ATTN,user_annotation,7526523877430.018,856.54,1172161,1172161
G11_ATTN_OUTPUT_PROJECTION,user_annotation,7526523878359.933,790.256,1172161,1172161
G11_QKV_PROJECTION,user_annotation,7526523882535.334,1893.682,1172161,1172161
G11_BF16_ATTN,user_annotation,7526523922524.157,869.861,1172161,1172161
G11_ATTN_OUTPUT_PROJECTION,user_annotation,7526523923472.621,735.03,1172161,1172161
G11_QKV_PROJECTION,user_annotation,7526523927908.28,1909.046,1172161,1172161
G11_BF16_ATTN,user_annotation,7526523967235.478,811.86,1172161,1172161
G11_ATTN_OUTPUT_PROJECTION,user_annotation,7526523968120.252,858.413,1172161,1172161
G11_QKV_PROJECTION,user_annotation,7526523972464.678,1964.182,1172161,1172161
G11_BF16_ATTN,user_annotation,7526524012134.672,976.418,1172161,1172161
G11_ATTN_OUTPUT_PROJECTION,user_annotation,7526524013186.628,771.547,1172161,1172161
G11_QKV_PROJECTION,user_annotation,7526524020627.617,2152.167,1172161,1172161
G11_BF16_ATTN,user_annotation,7526524062115.686,715.429,1172161,1172161
G11_ATTN_OUTPUT_PROJECTION,user_annotation,7526524062897.519,694.456,1172161,1172161
G11_QKV_PROJECTION,user_annotation,7526524067336.973,1794.688,1172161,1172161
G11_BF16_ATTN,user_annotation,7526524110059.923,710.301,1172161,1172161
G11_ATTN_OUTPUT_PROJECTION,user_annotation,7526524110840.615,681.375,1172161,1172161
G11_QKV_PROJECTION,user_annotation,7526524114936.682,1853.179,1172161,1172161
G11_BF16_ATTN,user_annotation,7526524152491.758,685.312,1172161,1172161
G11_ATTN_OUTPUT_PROJECTION,user_annotation,7526524153256.955,674.826,1172161,1172161
G11_QKV_PROJECTION,user_annotation,7526524157567.738,1779.474,1172161,1172161
G11_BF16_ATTN,user_annotation,7526524195783.147,779.149,1172161,1172161
G11_ATTN_OUTPUT_PROJECTION,user_annotation,7526524196646.067,705.153,1172161,1172161
G11_QKV_PROJECTION,user_annotation,7526524200869.113,1838.476,1172161,1172161
G11_BF16_ATTN,user_annotation,7526524238440.074,678.231,1172161,1172161
G11_ATTN_OUTPUT_PROJECTION,user_annotation,7526524239186.251,676.278,1172161,1172161
G11_QKV_PROJECTION,user_annotation,7526524243475.982,1810.612,1172161,1172161
G11_BF16_ATTN,user_annotation,7526524284701.399,711.093,1172161,1172161
G11_ATTN_OUTPUT_PROJECTION,user_annotation,7526524285478.905,652.922,1172161,1172161
G11_QKV_PROJECTION,user_annotation,7526524289540.629,2005.587,1172161,1172161
G11_BF16_ATTN,user_annotation,7526524327361.691,726.106,1172161,1172161
G11_ATTN_OUTPUT_PROJECTION,user_annotation,7526524328155.673,690.931,1172161,1172161
G11_QKV_PROJECTION,user_annotation,7526524332450.912,1947.697,1172161,1172161
G11_BF16_ATTN,user_annotation,7526524370185.87,904.735,1172161,1172161
G11_ATTN_OUTPUT_PROJECTION,user_annotation,7526524371168.907,691.672,1172161,1172161
G11_QKV_PROJECTION,user_annotation,7526524375415.52,1797.983,1172161,1172161
G11_BF16_ATTN,user_annotation,7526524412679.251,735.28,1172161,1172161
G11_ATTN_OUTPUT_PROJECTION,user_annotation,7526524413486.614,662.496,1172161,1172161
G11_QKV_PROJECTION,user_annotation,7526524417736.752,1812.145,1172161,1172161
G11_BF16_ATTN,user_annotation,7526524456682.584,717.412,1172161,1172161
G11_ATTN_OUTPUT_PROJECTION,user_annotation,7526524457480.382,779.719,1172161,1172161
G11_QKV_PROJECTION,user_annotation,7526524461611.324,1892.83,1172161,1172161
G11_BF16_ATTN,user_annotation,7526524501483.735,671.841,1172161,1172161
G11_ATTN_OUTPUT_PROJECTION,user_annotation,7526524502229.221,662.626,1172161,1172161
G11_QKV_PROJECTION,user_annotation,7526524506416.621,1928.537,1172161,1172161
G11_BF16_ATTN,user_annotation,7526524545222.394,732.535,1172161,1172161
G11_ATTN_OUTPUT_PROJECTION,user_annotation,7526524546023.507,675.927,1172161,1172161
G11_QKV_PROJECTION,user_annotation,7526524550432.073,1794.537,1172161,1172161
G11_BF16_ATTN,user_annotation,7526524588218.03,686.895,1172161,1172161
G11_ATTN_OUTPUT_PROJECTION,user_annotation,7526524588968.624,652.631,1172161,1172161
G11_QKV_PROJECTION,user_annotation,7526524593115.221,2061.905,1172161,1172161
G11_BF16_ATTN,user_annotation,7526524631590.106,689.819,1172161,1172161
G11_ATTN_OUTPUT_PROJECTION,user_annotation,7526524632355.713,653.663,1172161,1172161
G11_WRAPPER,user_annotation,7526524650459.633,44057.858,1172161,1172161
G11_QKV_PROJECTION,user_annotation,7526524650704.606,1832.977,1172161,1172161
G11_BF16_ATTN,user_annotation,7526524692889.424,778.728,1172161,1172161
G11_ATTN_OUTPUT_PROJECTION,user_annotation,7526524693745.103,679.673,1172161,1172161
G11_WRAPPER,user_annotation,7526524697821.649,12842.75,1172161,1172161
G11_QKV_PROJECTION,user_annotation,7526524698064.83,1911.861,1172161,1172161
G11_BF16_ATTN,user_annotation,7526524709234.622,666.403,1172161,1172161
G11_ATTN_OUTPUT_PROJECTION,user_annotation,7526524709973.849,626.189,1172161,1172161
G11_WRAPPER,user_annotation,7526524713891.587,15767.084,1172161,1172161
G11_QKV_PROJECTION,user_annotation,7526524714118.222,1782.418,1172161,1172161
G11_BF16_ATTN,user_annotation,7526524728251.61,649.105,1172161,1172161
G11_ATTN_OUTPUT_PROJECTION,user_annotation,7526524728974.992,621.101,1172161,1172161
G11_WRAPPER,user_annotation,7526524732777.93,18740.205,1172161,1172161
G11_QKV_PROJECTION,user_annotation,7526524733017.315,1841.1,1172161,1172161
G11_BF16_ATTN,user_annotation,7526524750126.258,627.171,1172161,1172161
G11_ATTN_OUTPUT_PROJECTION,user_annotation,7526524750824.17,629.204,1172161,1172161
G11_WRAPPER,user_annotation,7526524754740.456,18187.91,1172161,1172161
G11_QKV_PROJECTION,user_annotation,7526524754974.742,1776.299,1172161,1172161
G11_BF16_ATTN,user_annotation,7526524771577.493,615.603,1172161,1172161
G11_ATTN_OUTPUT_PROJECTION,user_annotation,7526524772269.536,593.979,1172161,1172161
G11_WRAPPER,user_annotation,7526524776013.452,17215.75,1172161,1172161
G11_QKV_PROJECTION,user_annotation,7526524776253.588,1910.899,1172161,1172161
G11_BF16_ATTN,user_annotation,7526524791815.441,642.946,1172161,1172161
G11_ATTN_OUTPUT_PROJECTION,user_annotation,7526524792527.725,617.756,1172161,1172161
G11_WRAPPER,user_annotation,7526524796620.087,12941.413,1172161,1172161
G11_QKV_PROJECTION,user_annotation,7526524796848.043,1781.246,1172161,1172161
G11_BF16_ATTN,user_annotation,7526524808140.087,679.623,1172161,1172161
G11_ATTN_OUTPUT_PROJECTION,user_annotation,7526524808885.884,612.888,1172161,1172161
G11_WRAPPER,user_annotation,7526524812702.604,16126.656,1172161,1172161
G11_QKV_PROJECTION,user_annotation,7526524813004.446,1791.352,1172161,1172161
G11_BF16_ATTN,user_annotation,7526524827451.195,636.435,1172161,1172161
G11_ATTN_OUTPUT_PROJECTION,user_annotation,7526524828157.049,611.937,1172161,1172161
G11_WRAPPER,user_annotation,7526524832180.012,18400.193,1172161,1172161
G11_QKV_PROJECTION,user_annotation,7526524832455.242,1794.487,1172161,1172161
G11_BF16_ATTN,user_annotation,7526524849194.417,639.68,1172161,1172161
G11_ATTN_OUTPUT_PROJECTION,user_annotation,7526524849902.364,616.054,1172161,1172161
G11_WRAPPER,user_annotation,7526524853631.227,19932.37,1172161,1172161
G11_QKV_PROJECTION,user_annotation,7526524853909.873,1818.304,1172161,1172161
G11_BF16_ATTN,user_annotation,7526524871075.054,1709.805,1172161,1172161
G11_ATTN_OUTPUT_PROJECTION,user_annotation,7526524872854.407,626.41,1172161,1172161
G11_WRAPPER,user_annotation,7526524876907.578,18591.672,1172161,1172161
G11_QKV_PROJECTION,user_annotation,7526524877148.815,1785.162,1172161,1172161
G11_BF16_ATTN,user_annotation,7526524894120.173,630.065,1172161,1172161
G11_ATTN_OUTPUT_PROJECTION,user_annotation,7526524894817.483,612.469,1172161,1172161
G11_WRAPPER,user_annotation,7526524902621.521,14665.16,1172161,1172161
G11_QKV_PROJECTION,user_annotation,7526524902898.014,1784.431,1172161,1172161
G11_BF16_ATTN,user_annotation,7526524915948.708,610.605,1172161,1172161
G11_ATTN_OUTPUT_PROJECTION,user_annotation,7526524916629.644,584.153,1172161,1172161
G11_WRAPPER,user_annotation,7526524920675.703,18441.757,1172161,1172161
G11_QKV_PROJECTION,user_annotation,7526524920938.153,1901.655,1172161,1172161
G11_BF16_ATTN,user_annotation,7526524937769.241,612.338,1172161,1172161
G11_ATTN_OUTPUT_PROJECTION,user_annotation,7526524938464.459,589.342,1172161,1172161
G11_WRAPPER,user_annotation,7526524942346.471,19050.09,1172161,1172161
G11_QKV_PROJECTION,user_annotation,7526524942593.498,1799.705,1172161,1172161
G11_BF16_ATTN,user_annotation,7526524959995.119,635.975,1172161,1172161
G11_ATTN_OUTPUT_PROJECTION,user_annotation,7526524960701.814,628.914,1172161,1172161
G11_WRAPPER,user_annotation,7526524964626.573,17066.717,1172161,1172161
G11_QKV_PROJECTION,user_annotation,7526524964888.393,1780.525,1172161,1172161
G11_BF16_ATTN,user_annotation,7526524980332.832,623.526,1172161,1172161
G11_ATTN_OUTPUT_PROJECTION,user_annotation,7526524981022.521,605.627,1172161,1172161
G11_WRAPPER,user_annotation,7526524985001.395,12544.844,1172161,1172161
G11_QKV_PROJECTION,user_annotation,7526524985238.356,1856.384,1172161,1172161
G11_BF16_ATTN,user_annotation,7526524996101.939,594.17,1172161,1172161
G11_ATTN_OUTPUT_PROJECTION,user_annotation,7526524996763.124,707.847,1172161,1172161
G11_WRAPPER,user_annotation,7526525000685.209,16306.958,1172161,1172161
G11_QKV_PROJECTION,user_annotation,7526525000937.193,1877.797,1172161,1172161
G11_BF16_ATTN,user_annotation,7526525015655.727,616.204,1172161,1172161
G11_ATTN_OUTPUT_PROJECTION,user_annotation,7526525016346.858,579.807,1172161,1172161
G11_WRAPPER,user_annotation,7526525020120.641,18951.585,1172161,1172161
G11_QKV_PROJECTION,user_annotation,7526525020392.366,1863.555,1172161,1172161
G11_BF16_ATTN,user_annotation,7526525037599.973,673.764,1172161,1172161
G11_ATTN_OUTPUT_PROJECTION,user_annotation,7526525038343.997,664.6,1172161,1172161
G11_WRAPPER,user_annotation,7526525042178.005,18182.592,1172161,1172161
G11_QKV_PROJECTION,user_annotation,7526525042450.17,1869.485,1172161,1172161
G11_BF16_ATTN,user_annotation,7526525058997.084,617.506,1172161,1172161
G11_ATTN_OUTPUT_PROJECTION,user_annotation,7526525059687.674,606.78,1172161,1172161
G11_WRAPPER,user_annotation,7526525063467.066,17338.412,1172161,1172161
G11_QKV_PROJECTION,user_annotation,7526525063724.579,1892.491,1172161,1172161
G11_BF16_ATTN,user_annotation,7526525079282.035,744.264,1172161,1172161
G11_ATTN_OUTPUT_PROJECTION,user_annotation,7526525080109.83,631.047,1172161,1172161
G11_WRAPPER,user_annotation,7526525083907.25,12477.749,1172161,1172161
G11_QKV_PROJECTION,user_annotation,7526525084139.203,1828,1172161,1172161
G11_BF16_ATTN,user_annotation,7526525095074.529,593.659,1172161,1172161
G11_ATTN_OUTPUT_PROJECTION,user_annotation,7526525095736.344,581.97,1172161,1172161
G11_WRAPPER,user_annotation,7526525099586.958,17624.839,1172161,1172161
G11_QKV_PROJECTION,user_annotation,7526525099827.634,2180.902,1172161,1172161
G11_BF16_ATTN,user_annotation,7526525115649.704,825.221,1172161,1172161
G11_ATTN_OUTPUT_PROJECTION,user_annotation,7526525116543.813,602.342,1172161,1172161
G11_WRAPPER,user_annotation,7526525120398.713,21821.374,1172161,1172161
G11_QKV_PROJECTION,user_annotation,7526525120651.578,1810.192,1172161,1172161
G11_BF16_ATTN,user_annotation,7526525140850.064,624.607,1172161,1172161
G11_ATTN_OUTPUT_PROJECTION,user_annotation,7526525141543.639,608.482,1172161,1172161
G11_WRAPPER,user_annotation,7526525145739.522,11723.159,1172161,1172161
G11_QKV_PROJECTION,user_annotation,7526525145993.229,1848.592,1172161,1172161
G11_BF16_ATTN,user_annotation,7526525155927.139,789.064,1172161,1172161
G11_ATTN_OUTPUT_PROJECTION,user_annotation,7526525156797.67,604.646,1172161,1172161
G11_WRAPPER,user_annotation,7526525160628.433,16429.94,1172161,1172161
G11_QKV_PROJECTION,user_annotation,7526525160882.35,1886.381,1172161,1172161
G11_BF16_ATTN,user_annotation,7526525175694.21,635.694,1172161,1172161
G11_ATTN_OUTPUT_PROJECTION,user_annotation,7526525176401.606,592.918,1172161,1172161
G11_WRAPPER,user_annotation,7526525180452.162,20043.624,1172161,1172161
G11_QKV_PROJECTION,user_annotation,7526525180714.683,6183.643,1172161,1172161
G11_BF16_ATTN,user_annotation,7526525198803.429,906.297,1172161,1172161
G11_ATTN_OUTPUT_PROJECTION,user_annotation,7526525199780.397,649.536,1172161,1172161
G11_WRAPPER,user_annotation,7526525203572.699,18298.073,1172161,1172161
G11_QKV_PROJECTION,user_annotation,7526525203804.051,1805.214,1172161,1172161
G11_BF16_ATTN,user_annotation,7526525220427.034,646.531,1172161,1172161
G11_ATTN_OUTPUT_PROJECTION,user_annotation,7526525221149.824,657.158,1172161,1172161
G11_WRAPPER,user_annotation,7526525225259.283,11350.905,1172161,1172161
G11_QKV_PROJECTION,user_annotation,7526525225494.17,1787.686,1172161,1172161
G11_BF16_ATTN,user_annotation,7526525235074.076,790.776,1172161,1172161
G11_ATTN_OUTPUT_PROJECTION,user_annotation,7526525235931.727,615.222,1172161,1172161
G11_WRAPPER,user_annotation,7526525239693.101,16108.999,1172161,1172161
G11_QKV_PROJECTION,user_annotation,7526525239933.537,1830.253,1172161,1172161
G11_BF16_ATTN,user_annotation,7526525254413.698,624.356,1172161,1172161
G11_ATTN_OUTPUT_PROJECTION,user_annotation,7526525255128.165,612.539,1172161,1172161
G11_WRAPPER,user_annotation,7526525259129.234,16223.949,1172161,1172161
G11_QKV_PROJECTION,user_annotation,7526525259370.201,1764.2,1172161,1172161
G11_BF16_ATTN,user_annotation,7526525273854.158,772.979,1172161,1172161
G11_ATTN_OUTPUT_PROJECTION,user_annotation,7526525274698.979,587.059,1172161,1172161
G11_WRAPPER,user_annotation,7526525284209.707,10984.993,1172161,1172161
G11_QKV_PROJECTION,user_annotation,7526525284461.35,1848.832,1172161,1172161
G11_BF16_ATTN,user_annotation,7526525293819.209,662.486,1172161,1172161
G11_ATTN_OUTPUT_PROJECTION,user_annotation,7526525294548.159,584.755,1172161,1172161
G11_WRAPPER,user_annotation,7526525298449.261,17444.017,1172161,1172161
G11_QKV_PROJECTION,user_annotation,7526525298698.08,1875.084,1172161,1172161
G11_BF16_ATTN,user_annotation,7526525314524.908,625.628,1172161,1172161
G11_ATTN_OUTPUT_PROJECTION,user_annotation,7526525315219.334,611.447,1172161,1172161
G11_WRAPPER,user_annotation,7526525319002.332,17942.426,1172161,1172161
G11_QKV_PROJECTION,user_annotation,7526525319247.946,1786.805,1172161,1172161
G11_BF16_ATTN,user_annotation,7526525335373.33,794.894,1172161,1172161
G11_ATTN_OUTPUT_PROJECTION,user_annotation,7526525336236.09,625.038,1172161,1172161
G11_WRAPPER,user_annotation,7526525340034.251,19000.863,1172161,1172161
G11_QKV_PROJECTION,user_annotation,7526525340278.704,1788.848,1172161,1172161
G11_BF16_ATTN,user_annotation,7526525357688.287,618.557,1172161,1172161
G11_ATTN_OUTPUT_PROJECTION,user_annotation,7526525358374.891,593.168,1172161,1172161
G11_WRAPPER,user_annotation,7526525362212.634,13533.811,1172161,1172161
G11_QKV_PROJECTION,user_annotation,7526525362457.667,1780.105,1172161,1172161
G11_BF16_ATTN,user_annotation,7526525374233.348,784.637,1172161,1172161
G11_ATTN_OUTPUT_PROJECTION,user_annotation,7526525375081.535,605.066,1172161,1172161
G11_WRAPPER,user_annotation,7526525378859.374,16782.532,1172161,1172161
G11_QKV_PROJECTION,user_annotation,7526525379092.699,1808.88,1172161,1172161
G11_BF16_ATTN,user_annotation,7526525394265.073,625.017,1172161,1172161
G11_ATTN_OUTPUT_PROJECTION,user_annotation,7526525394960.951,615.493,1172161,1172161
G11_WRAPPER,user_annotation,7526525398958.124,19052.673,1172161,1172161
G11_QKV_PROJECTION,user_annotation,7526525399193.222,1789.469,1172161,1172161
G11_BF16_ATTN,user_annotation,7526525416417.074,714.538,1172161,1172161
G11_ATTN_OUTPUT_PROJECTION,user_annotation,7526525417201.001,723.752,1172161,1172161
G11_WRAPPER,user_annotation,7526525421317.42,17877.896,1172161,1172161
G11_QKV_PROJECTION,user_annotation,7526525421574.953,1902.696,1172161,1172161
G11_BF16_ATTN,user_annotation,7526525437814.896,626.751,1172161,1172161
G11_ATTN_OUTPUT_PROJECTION,user_annotation,7526525438521.642,610.254,1172161,1172161
G11_WRAPPER,user_annotation,7526525442527.378,14453.719,1172161,1172161
G11_QKV_PROJECTION,user_annotation,7526525442763.517,1876.145,1172161,1172161
G11_BF16_ATTN,user_annotation,7526525455557.681,662.586,1172161,1172161
G11_ATTN_OUTPUT_PROJECTION,user_annotation,7526525456300.453,619.819,1172161,1172161
G11_WRAPPER,user_annotation,7526525460071.772,13944.152,1172161,1172161
G11_QKV_PROJECTION,user_annotation,7526525460314.892,1909.898,1172161,1172161
G11_BF16_ATTN,user_annotation,7526525472670.51,615.062,1172161,1172161
G11_ATTN_OUTPUT_PROJECTION,user_annotation,7526525473355.121,599.768,1172161,1172161
G11_WRAPPER,user_annotation,7526525477153.392,18261.887,1172161,1172161
G11_QKV_PROJECTION,user_annotation,7526525477397.153,1813.537,1172161,1172161
G11_BF16_ATTN,user_annotation,7526525493926.309,737.905,1172161,1172161
G11_ATTN_OUTPUT_PROJECTION,user_annotation,7526525494734.674,617.706,1172161,1172161
G11_WRAPPER,user_annotation,7526525498677.081,18014.7,1172161,1172161
G11_QKV_PROJECTION,user_annotation,7526525498916.676,2023.315,1172161,1172161
G11_BF16_ATTN,user_annotation,7526525515282.296,655.946,1172161,1172161
G11_ATTN_OUTPUT_PROJECTION,user_annotation,7526525516001.651,628.563,1172161,1172161
G11_WRAPPER,user_annotation,7526525520073.941,17333.364,1172161,1172161
G11_QKV_PROJECTION,user_annotation,7526525520313.837,1865.177,1172161,1172161
G11_BF16_ATTN,user_annotation,7526525535948.834,701.177,1172161,1172161
G11_ATTN_OUTPUT_PROJECTION,user_annotation,7526525536736.105,604.836,1172161,1172161
G11_WRAPPER,user_annotation,7526525540719.537,12569.862,1172161,1172161
G11_QKV_PROJECTION,user_annotation,7526525540961.535,1835.231,1172161,1172161
G11_BF16_ATTN,user_annotation,7526525551815.594,684.43,1172161,1172161
G11_ATTN_OUTPUT_PROJECTION,user_annotation,7526525552568.141,609.814,1172161,1172161
G11_WRAPPER,user_annotation,7526525556511.64,16987.673,1172161,1172161
G11_QKV_PROJECTION,user_annotation,7526525556741.579,1810.212,1172161,1172161
G11_BF16_ATTN,user_annotation,7526525572127.857,614.241,1172161,1172161
G11_ATTN_OUTPUT_PROJECTION,user_annotation,7526525572814.932,621.232,1172161,1172161
G11_WRAPPER,user_annotation,7526525576664.133,20044.676,1172161,1172161
G11_QKV_PROJECTION,user_annotation,7526525576977.253,5506.073,1172161,1172161
G11_BF16_ATTN,user_annotation,7526525595237.637,704.232,1172161,1172161
G11_ATTN_OUTPUT_PROJECTION,user_annotation,7526525596014.202,625.659,1172161,1172161
G11_WRAPPER,user_annotation,7526525600093.984,18218.989,1172161,1172161
G11_QKV_PROJECTION,user_annotation,7526525600339.528,1887.142,1172161,1172161
G11_BF16_ATTN,user_annotation,7526525616933.005,630.296,1172161,1172161
G11_ATTN_OUTPUT_PROJECTION,user_annotation,7526525617632.849,605.878,1172161,1172161
G11_WRAPPER,user_annotation,7526525621442.168,17103.104,1172161,1172161
G11_QKV_PROJECTION,user_annotation,7526525621737.4,1926.934,1172161,1172161
G11_BF16_ATTN,user_annotation,7526525636962.266,833.754,1172161,1172161
G11_ATTN_OUTPUT_PROJECTION,user_annotation,7526525637867.412,611.436,1172161,1172161
G11_WRAPPER,user_annotation,7526525641848.028,13050.986,1172161,1172161
G11_QKV_PROJECTION,user_annotation,7526525642085.46,1805.514,1172161,1172161
G11_BF16_ATTN,user_annotation,7526525653561.491,602.423,1172161,1172161
G11_ATTN_OUTPUT_PROJECTION,user_annotation,7526525654234.965,599.508,1172161,1172161
G11_WRAPPER,user_annotation,7526525658143.409,15527.659,1172161,1172161
G11_QKV_PROJECTION,user_annotation,7526525658385.357,1847.64,1172161,1172161
G11_BF16_ATTN,user_annotation,7526525672250.025,677.881,1172161,1172161
G11_ATTN_OUTPUT_PROJECTION,user_annotation,7526525673007.771,598.806,1172161,1172161
G11_WRAPPER,user_annotation,7526525676823.289,18436.97,1172161,1172161
G11_QKV_PROJECTION,user_annotation,7526525677058.116,1880.442,1172161,1172161
G11_BF16_ATTN,user_annotation,7526525693878.017,622.784,1172161,1172161
G11_ATTN_OUTPUT_PROJECTION,user_annotation,7526525694578.383,611.637,1172161,1172161
G11_WRAPPER,user_annotation,7526525698357.935,11556.017,1172161,1172161
G11_QKV_PROJECTION,user_annotation,7526525698590.549,1934.075,1172161,1172161
G11_BF16_ATTN,user_annotation,7526525708487.28,636.315,1172161,1172161
G11_ATTN_OUTPUT_PROJECTION,user_annotation,7526525709199.214,630.576,1172161,1172161
G11_WRAPPER,user_annotation,7526525713413.356,15038.905,1172161,1172161
G11_QKV_PROJECTION,user_annotation,7526525713662.856,1960.477,1172161,1172161
G11_BF16_ATTN,user_annotation,7526525727107.958,600.92,1172161,1172161
G11_ATTN_OUTPUT_PROJECTION,user_annotation,7526525727782.373,605.988,1172161,1172161
G11_WRAPPER,user_annotation,7526525731696.636,18736.829,1172161,1172161
G11_QKV_PROJECTION,user_annotation,7526525731930.802,2030.466,1172161,1172161
G11_BF16_ATTN,user_annotation,7526525748944.446,709.409,1172161,1172161
G11_ATTN_OUTPUT_PROJECTION,user_annotation,7526525749729.063,637.537,1172161,1172161
G11_WRAPPER,user_annotation,7526525753624.336,18463.272,1172161,1172161
G11_QKV_PROJECTION,user_annotation,7526525753864.742,1803.622,1172161,1172161
G11_BF16_ATTN,user_annotation,7526525770659.544,687.626,1172161,1172161
G11_ATTN_OUTPUT_PROJECTION,user_annotation,7526525771413.503,598.116,1172161,1172161
G11_WRAPPER,user_annotation,7526525775212.736,17182.428,1172161,1172161
G11_QKV_PROJECTION,user_annotation,7526525775453.062,1955.619,1172161,1172161
G11_BF16_ATTN,user_annotation,7526525790997.057,641.233,1172161,1172161
G11_ATTN_OUTPUT_PROJECTION,user_annotation,7526525791706.066,618.508,1172161,1172161
G11_WRAPPER,user_annotation,7526525795655.755,15893.832,1172161,1172161
G11_QKV_PROJECTION,user_annotation,7526525795891.373,1799.295,1172161,1172161
G11_BF16_ATTN,user_annotation,7526525806718.109,3982.931,1172161,1172161
G11_ATTN_OUTPUT_PROJECTION,user_annotation,7526525810847.899,631.859,1172161,1172161
G11_WRAPPER,user_annotation,7526525815402.594,13945.885,1172161,1172161
G11_QKV_PROJECTION,user_annotation,7526525815635.218,2061.895,1172161,1172161
G11_BF16_ATTN,user_annotation,7526525827962.671,630.647,1172161,1172161
G11_ATTN_OUTPUT_PROJECTION,user_annotation,7526525828663.838,619.81,1172161,1172161
G11_WRAPPER,user_annotation,7526525832751.723,17948.756,1172161,1172161
G11_QKV_PROJECTION,user_annotation,7526525832988.183,1813.096,1172161,1172161
G11_BF16_ATTN,user_annotation,7526525849261.368,672.783,1172161,1172161
G11_ATTN_OUTPUT_PROJECTION,user_annotation,7526525850003.249,633.821,1172161,1172161
G11_WRAPPER,user_annotation,7526525853871.7,18090.588,1172161,1172161
G11_QKV_PROJECTION,user_annotation,7526525854102.12,1958.314,1172161,1172161
G11_BF16_ATTN,user_annotation,7526525870546.283,644.729,1172161,1172161
G11_ATTN_OUTPUT_PROJECTION,user_annotation,7526525871273.321,626.981,1172161,1172161
G11_WRAPPER,user_annotation,7526525881281.486,19762.895,1172161,1172161
G11_QKV_PROJECTION,user_annotation,7526525881542.545,2064.138,1172161,1172161
G11_BF16_ATTN,user_annotation,7526525899190.36,771.808,1172161,1172161
G11_ATTN_OUTPUT_PROJECTION,user_annotation,7526525900035.092,934.081,1172161,1172161
G11_WRAPPER,user_annotation,7526525904452.732,17074.73,1172161,1172161
G11_QKV_PROJECTION,user_annotation,7526525904702.884,1886.731,1172161,1172161
G11_BF16_ATTN,user_annotation,7526525920101.07,667.314,1172161,1172161
G11_ATTN_OUTPUT_PROJECTION,user_annotation,7526525920843.622,620.4,1172161,1172161
G11_WRAPPER,user_annotation,7526525925252.539,13406.952,1172161,1172161
G11_QKV_PROJECTION,user_annotation,7526525925535.702,2303.383,1172161,1172161
G11_BF16_ATTN,user_annotation,7526525937305.002,619.479,1172161,1172161
G11_ATTN_OUTPUT_PROJECTION,user_annotation,7526525937999.238,598.726,1172161,1172161
G11_WRAPPER,user_annotation,7526525941899.839,16486.299,1172161,1172161
G11_QKV_PROJECTION,user_annotation,7526525942133.495,1791.312,1172161,1172161
G11_BF16_ATTN,user_annotation,7526525957008.614,626.58,1172161,1172161
G11_ATTN_OUTPUT_PROJECTION,user_annotation,7526525957710.401,610.886,1172161,1172161
G11_WRAPPER,user_annotation,7526525961618.585,17682.871,1172161,1172161
G11_QKV_PROJECTION,user_annotation,7526525961849.135,1961.088,1172161,1172161
G11_BF16_ATTN,user_annotation,7526525977648.911,743.022,1172161,1172161
G11_ATTN_OUTPUT_PROJECTION,user_annotation,7526525978475.253,742.201,1172161,1172161
G11_WRAPPER,user_annotation,7526525983030.669,17544.174,1172161,1172161
G11_QKV_PROJECTION,user_annotation,7526525983353.634,1917.85,1172161,1172161
G11_BF16_ATTN,user_annotation,7526525999128.811,666.793,1172161,1172161
G11_ATTN_OUTPUT_PROJECTION,user_annotation,7526525999859.724,648.945,1172161,1172161
G11_WRAPPER,user_annotation,7526526004371.612,13178.585,1172161,1172161
G11_QKV_PROJECTION,user_annotation,7526526004671.08,2268.198,1172161,1172161
G11_BF16_ATTN,user_annotation,7526526016147.793,652.701,1172161,1172161
G11_ATTN_OUTPUT_PROJECTION,user_annotation,7526526016879.978,604.616,1172161,1172161
G11_WRAPPER,user_annotation,7526526020907.949,16782.663,1172161,1172161
G11_QKV_PROJECTION,user_annotation,7526526021141.955,1791.142,1172161,1172161
G11_BF16_ATTN,user_annotation,7526526036342.052,616.004,1172161,1172161
G11_ATTN_OUTPUT_PROJECTION,user_annotation,7526526037025.201,601.25,1172161,1172161
G11_WRAPPER,user_annotation,7526526044074.969,16322.452,1172161,1172161
G11_QKV_PROJECTION,user_annotation,7526526044523.28,2404.922,1172161,1172161
G11_BF16_ATTN,user_annotation,7526526058968.787,689.178,1172161,1172161
G11_ATTN_OUTPUT_PROJECTION,user_annotation,7526526059729.366,599.528,1172161,1172161
G11_WRAPPER,user_annotation,7526526063610.818,16535.255,1172161,1172161
G11_QKV_PROJECTION,user_annotation,7526526063841.509,1798.583,1172161,1172161
G11_BF16_ATTN,user_annotation,7526526078426.484,766.949,1172161,1172161
G11_ATTN_OUTPUT_PROJECTION,user_annotation,7526526079297.186,775.372,1172161,1172161
G11_WRAPPER,user_annotation,7526526084007.834,11340.41,1172161,1172161
G11_QKV_PROJECTION,user_annotation,7526526084296.977,2022.053,1172161,1172161
G11_BF16_ATTN,user_annotation,7526526093959.862,626.239,1172161,1172161
G11_ATTN_OUTPUT_PROJECTION,user_annotation,7526526094652.776,617.486,1172161,1172161
G11_WRAPPER,user_annotation,7526526098523.681,19240.627,1172161,1172161
G11_QKV_PROJECTION,user_annotation,7526526098762.254,1876.455,1172161,1172161
G11_BF16_ATTN,user_annotation,7526526116170.696,740.348,1172161,1172161
G11_ATTN_OUTPUT_PROJECTION,user_annotation,7526526116986.081,715.279,1172161,1172161
G11_WRAPPER,user_annotation,7526526122016.65,19695.89,1172161,1172161
G11_QKV_PROJECTION,user_annotation,7526526122423.366,1970.583,1172161,1172161
G11_BF16_ATTN,user_annotation,7526526140001.854,785.529,1172161,1172161
G11_ATTN_OUTPUT_PROJECTION,user_annotation,7526526140872.776,753.068,1172161,1172161
G11_WRAPPER,user_annotation,7526526145141.704,17717.345,1172161,1172161
G11_QKV_PROJECTION,user_annotation,7526526145404.515,1855.743,1172161,1172161
G11_BF16_ATTN,user_annotation,7526526161168.194,724.533,1172161,1172161
G11_ATTN_OUTPUT_PROJECTION,user_annotation,7526526161982.868,801.163,1172161,1172161
G11_WRAPPER,user_annotation,7526526166783.297,13301.417,1172161,1172161
G11_QKV_PROJECTION,user_annotation,7526526167170.473,2040.582,1172161,1172161
G11_BF16_ATTN,user_annotation,7526526178758.55,616.023,1172161,1172161
G11_ATTN_OUTPUT_PROJECTION,user_annotation,7526526179441.758,577.984,1172161,1172161
G11_WRAPPER,user_annotation,7526526183355.951,16223.498,1172161,1172161
G11_QKV_PROJECTION,user_annotation,7526526183589.787,1835.702,1172161,1172161
G11_BF16_ATTN,user_annotation,7526526197954.607,884.694,1172161,1172161
G11_ATTN_OUTPUT_PROJECTION,user_annotation,7526526198909.912,607.23,1172161,1172161
G11_WRAPPER,user_annotation,7526526202859.72,20872.971,1172161,1172161
G11_QKV_PROJECTION,user_annotation,7526526203100.136,1828.451,1172161,1172161
G11_BF16_ATTN,user_annotation,7526526221194.15,752.527,1172161,1172161
G11_ATTN_OUTPUT_PROJECTION,user_annotation,7526526222014.764,1636.5,1172161,1172161
G11_WRAPPER,user_annotation,7526526227326.944,19620.191,1172161,1172161
G11_QKV_PROJECTION,user_annotation,7526526227599.43,1840.128,1172161,1172161
G11_BF16_ATTN,user_annotation,7526526245327.341,771.387,1172161,1172161
G11_ATTN_OUTPUT_PROJECTION,user_annotation,7526526246183.31,696.169,1172161,1172161
G11_WRAPPER,user_annotation,7526526250341.935,17420.39,1172161,1172161
G11_QKV_PROJECTION,user_annotation,7526526250590.173,1873.601,1172161,1172161
G11_BF16_ATTN,user_annotation,7526526265902.867,790.296,1172161,1172161
G11_ATTN_OUTPUT_PROJECTION,user_annotation,7526526266791.016,897.233,1172161,1172161
G11_WRAPPER,user_annotation,7526526271682.738,21514.965,1172161,1172161
G11_QKV_PROJECTION,user_annotation,7526526271969.577,2046.851,1172161,1172161
G11_BF16_ATTN,user_annotation,7526526291535.723,761.682,1172161,1172161
G11_ATTN_OUTPUT_PROJECTION,user_annotation,7526526292370.469,748.461,1172161,1172161
G11_WRAPPER,user_annotation,7526526296883.559,17761.403,1172161,1172161
G11_QKV_PROJECTION,user_annotation,7526526297140.481,1870.696,1172161,1172161
G11_BF16_ATTN,user_annotation,7526526312717.637,793.792,1172161,1172161
G11_ATTN_OUTPUT_PROJECTION,user_annotation,7526526313602.642,967.714,1172161,1172161
G11_WRAPPER,user_annotation,7526526318655.766,17554.61,1172161,1172161
G11_QKV_PROJECTION,user_annotation,7526526318939.63,1979.457,1172161,1172161
G11_BF16_ATTN,user_annotation,7526526334682.186,725.074,1172161,1172161
G11_ATTN_OUTPUT_PROJECTION,user_annotation,7526526335475.357,665.671,1172161,1172161
G11_WRAPPER,user_annotation,7526526339611.206,14049.848,1172161,1172161
G11_QKV_PROJECTION,user_annotation,7526526339851.963,2260.776,1172161,1172161
G11_BF16_ATTN,user_annotation,7526526352189.161,683.83,1172161,1172161
G11_ATTN_OUTPUT_PROJECTION,user_annotation,7526526352947.948,648.835,1172161,1172161
G11_WRAPPER,user_annotation,7526526356758.569,17563.524,1172161,1172161
G11_QKV_PROJECTION,user_annotation,7526526357022.402,1796.871,1172161,1172161
G11_BF16_ATTN,user_annotation,7526526372891.075,678.802,1172161,1172161
G11_ATTN_OUTPUT_PROJECTION,user_annotation,7526526373640.597,612.388,1172161,1172161
G11_WRAPPER,user_annotation,7526526377525.795,17603.937,1172161,1172161
G11_QKV_PROJECTION,user_annotation,7526526377773.983,1842.071,1172161,1172161
G11_BF16_ATTN,user_annotation,7526526393390.081,863.16,1172161,1172161
G11_ATTN_OUTPUT_PROJECTION,user_annotation,7526526394326.856,730.042,1172161,1172161
G11_WRAPPER,user_annotation,7526526398930.087,16843.137,1172161,1172161
G11_QKV_PROJECTION,user_annotation,7526526399163.281,1894.915,1172161,1172161
G11_BF16_ATTN,user_annotation,7526526414320.932,649.636,1172161,1172161
G11_ATTN_OUTPUT_PROJECTION,user_annotation,7526526415041.579,666.192,1172161,1172161
G11_WRAPPER,user_annotation,7526526419234.007,14755.822,1172161,1172161
G11_QKV_PROJECTION,user_annotation,7526526419478.76,2244.902,1172161,1172161
G11_BF16_ATTN,user_annotation,7526526432425.773,784.337,1172161,1172161
G11_ATTN_OUTPUT_PROJECTION,user_annotation,7526526433289.905,639.199,1172161,1172161
G11_WRAPPER,user_annotation,7526526437292.816,15815.229,1172161,1172161
G11_QKV_PROJECTION,user_annotation,7526526437555.237,1812.755,1172161,1172161
G11_BF16_ATTN,user_annotation,7526526451637.695,713.126,1172161,1172161
G11_ATTN_OUTPUT_PROJECTION,user_annotation,7526526452430.185,611.286,1172161,1172161
G11_WRAPPER,user_annotation,7526526456417.552,19447.371,1172161,1172161
G11_QKV_PROJECTION,user_annotation,7526526456655.605,1813.507,1172161,1172161
G11_BF16_ATTN,user_annotation,7526526474232.219,811.62,1172161,1172161
G11_ATTN_OUTPUT_PROJECTION,user_annotation,7526526475117.144,683.919,1172161,1172161
G11_WRAPPER,user_annotation,7526526478994.869,17402.312,1172161,1172161
G11_QKV_PROJECTION,user_annotation,7526526479258.111,1930.34,1172161,1172161
G11_BF16_ATTN,user_annotation,7526526494687.066,731.594,1172161,1172161
G11_ATTN_OUTPUT_PROJECTION,user_annotation,7526526495512.467,812.611,1172161,1172161
G11_WRAPPER,user_annotation,7526526513356.16,17709.342,1172161,1172161
G11_QKV_PROJECTION,user_annotation,7526526513629.747,2270.993,1172161,1172161
G11_BF16_ATTN,user_annotation,7526526526392.682,633.201,1172161,1172161
G11_ATTN_OUTPUT_PROJECTION,user_annotation,7526526527093.308,3903.807,1172161,1172161
G11_WRAPPER,user_annotation,7526526535080.582,14520.524,1172161,1172161
G11_QKV_PROJECTION,user_annotation,7526526535354.431,1896.236,1172161,1172161
G11_BF16_ATTN,user_annotation,7526526548189.248,659.411,1172161,1172161
G11_ATTN_OUTPUT_PROJECTION,user_annotation,7526526548916.255,619.649,1172161,1172161
G11_WRAPPER,user_annotation,7526526552978.369,19714.789,1172161,1172161
G11_QKV_PROJECTION,user_annotation,7526526553220.358,2040.702,1172161,1172161
G11_BF16_ATTN,user_annotation,7526526571082.359,810.157,1172161,1172161
G11_ATTN_OUTPUT_PROJECTION,user_annotation,7526526571961.053,663.107,1172161,1172161
G11_WRAPPER,user_annotation,7526526576065.534,18083.016,1172161,1172161
G11_QKV_PROJECTION,user_annotation,7526526576327.984,1923.81,1172161,1172161
G11_BF16_ATTN,user_annotation,7526526592461.752,775.773,1172161,1172161
G11_ATTN_OUTPUT_PROJECTION,user_annotation,7526526593317.39,759.528,1172161,1172161
G11_WRAPPER,user_annotation,7526526598020.517,14646.812,1172161,1172161
G11_QKV_PROJECTION,user_annotation,7526526598281.736,1865.828,1172161,1172161
G11_BF16_ATTN,user_annotation,7526526611304.958,619.519,1172161,1172161
G11_ATTN_OUTPUT_PROJECTION,user_annotation,7526526612001.597,601.712,1172161,1172161
G11_WRAPPER,user_annotation,7526526615827.222,13908.747,1172161,1172161
G11_QKV_PROJECTION,user_annotation,7526526616090.684,1893.181,1172161,1172161
G11_BF16_ATTN,user_annotation,7526526628375.851,624.277,1172161,1172161
G11_ATTN_OUTPUT_PROJECTION,user_annotation,7526526629067.924,603.854,1172161,1172161
G11_WRAPPER,user_annotation,7526526632933.811,18923.071,1172161,1172161
G11_QKV_PROJECTION,user_annotation,7526526633169.279,1849.233,1172161,1172161
G11_BF16_ATTN,user_annotation,7526526650280.816,725.325,1172161,1172161
G11_ATTN_OUTPUT_PROJECTION,user_annotation,7526526651079.415,713.366,1172161,1172161
G11_WRAPPER,user_annotation,7526526655179.429,16793.359,1172161,1172161
G11_QKV_PROJECTION,user_annotation,7526526655451.555,1957.091,1172161,1172161
G11_BF16_ATTN,user_annotation,7526526670018.952,994.886,1172161,1172161
G11_ATTN_OUTPUT_PROJECTION,user_annotation,7526526671089.777,807.854,1172161,1172161
G11_WRAPPER,user_annotation,7526526676505.679,12784.699,1172161,1172161
G11_QKV_PROJECTION,user_annotation,7526526676805.648,2622.613,1172161,1172161
G11_BF16_ATTN,user_annotation,7526526687356.673,973.683,1172161,1172161
G11_ATTN_OUTPUT_PROJECTION,user_annotation,7526526688408.728,794.543,1172161,1172161
G11_WRAPPER,user_annotation,7526526693786.971,13273.083,1172161,1172161
G11_QKV_PROJECTION,user_annotation,7526526694145.462,2534.024,1172161,1172161
G11_BF16_ATTN,user_annotation,7526526705039.744,843.059,1172161,1172161
G11_ATTN_OUTPUT_PROJECTION,user_annotation,7526526705963.569,1014.857,1172161,1172161
G11_WRAPPER,user_annotation,7526526711507.471,12724.014,1172161,1172161
G11_QKV_PROJECTION,user_annotation,7526526711815.773,2687.554,1172161,1172161
G11_BF16_ATTN,user_annotation,7526526722444.93,870.171,1172161,1172161
G11_ATTN_OUTPUT_PROJECTION,user_annotation,7526526723396.298,754.921,1172161,1172161
G11_WRAPPER,user_annotation,7526526729407.391,12662.558,1172161,1172161
G11_QKV_PROJECTION,user_annotation,7526526729712.699,2737.262,1172161,1172161
G11_BF16_ATTN,user_annotation,7526526740218.102,790.917,1172161,1172161
G11_ATTN_OUTPUT_PROJECTION,user_annotation,7526526741082.264,894.088,1172161,1172161
G11_WRAPPER,user_annotation,7526526746352.298,17350.711,1172161,1172161
G11_QKV_PROJECTION,user_annotation,7526526746635.841,2813.671,1172161,1172161
G11_BF16_ATTN,user_annotation,7526526761786.942,851.742,1172161,1172161
G11_ATTN_OUTPUT_PROJECTION,user_annotation,7526526762722.585,890.072,1172161,1172161
G11_WRAPPER,user_annotation,7526526768515.246,12829.399,1172161,1172161
G11_QKV_PROJECTION,user_annotation,7526526768833.534,2649.765,1172161,1172161
G11_BF16_ATTN,user_annotation,7526526779447.547,880.147,1172161,1172161
G11_ATTN_OUTPUT_PROJECTION,user_annotation,7526526780407.549,824.049,1172161,1172161
G11_WRAPPER,user_annotation,7526526785656.099,13506.568,1172161,1172161
G11_QKV_PROJECTION,user_annotation,7526526785945.863,2890.551,1172161,1172161
G11_BF16_ATTN,user_annotation,7526526797013.746,1115.775,1172161,1172161
G11_ATTN_OUTPUT_PROJECTION,user_annotation,7526526798209.787,847.225,1172161,1172161
G11_WRAPPER,user_annotation,7526526803457.806,13070.556,1172161,1172161
G11_QKV_PROJECTION,user_annotation,7526526803788.794,2699.002,1172161,1172161
G11_BF16_ATTN,user_annotation,7526526814731.671,847.456,1172161,1172161
G11_ATTN_OUTPUT_PROJECTION,user_annotation,7526526815671.712,762.803,1172161,1172161
G11_WRAPPER,user_annotation,7526526821011.054,12889.482,1172161,1172161
G11_QKV_PROJECTION,user_annotation,7526526821365.578,2609.552,1172161,1172161
G11_BF16_ATTN,user_annotation,7526526831974.333,903.073,1172161,1172161
G11_ATTN_OUTPUT_PROJECTION,user_annotation,7526526832951.642,872.996,1172161,1172161
G11_WRAPPER,user_annotation,7526526838499.19,12939.481,1172161,1172161
G11_QKV_PROJECTION,user_annotation,7526526838812.911,2559.704,1172161,1172161
G11_BF16_ATTN,user_annotation,7526526849602.218,814.905,1172161,1172161
G11_ATTN_OUTPUT_PROJECTION,user_annotation,7526526850505.982,851.392,1172161,1172161
G11_WRAPPER,user_annotation,7526526855759.65,13298.112,1172161,1172161
G11_QKV_PROJECTION,user_annotation,7526526856279.914,2616.563,1172161,1172161
G11_BF16_ATTN,user_annotation,7526526867209.48,813.613,1172161,1172161
G11_ATTN_OUTPUT_PROJECTION,user_annotation,7526526868117.922,863.06,1172161,1172161
G11_WRAPPER,user_annotation,7526526873654.963,13029.662,1172161,1172161
G11_QKV_PROJECTION,user_annotation,7526526874031.091,2537.78,1172161,1172161
G11_BF16_ATTN,user_annotation,7526526884820.98,822.055,1172161,1172161
G11_ATTN_OUTPUT_PROJECTION,user_annotation,7526526885735.72,864.984,1172161,1172161
G11_WRAPPER,user_annotation,7526526890950.428,13697.967,1172161,1172161
G11_QKV_PROJECTION,user_annotation,7526526891507.239,2677.208,1172161,1172161
G11_BF16_ATTN,user_annotation,7526526902770.047,817.178,1172161,1172161
G11_ATTN_OUTPUT_PROJECTION,user_annotation,7526526903672.749,881.589,1172161,1172161
G11_WRAPPER,user_annotation,7526526908667.161,12668.287,1172161,1172161
G11_QKV_PROJECTION,user_annotation,7526526908931.875,2186.401,1172161,1172161
G11_BF16_ATTN,user_annotation,7526526919415.264,877.122,1172161,1172161
G11_ATTN_OUTPUT_PROJECTION,user_annotation,7526526920387.044,870.252,1172161,1172161
G11_WRAPPER,user_annotation,7526526925671.26,13348.291,1172161,1172161
G11_QKV_PROJECTION,user_annotation,7526526926097.096,2580.417,1172161,1172161
G11_BF16_ATTN,user_annotation,7526526937131.026,827.895,1172161,1172161
G11_ATTN_OUTPUT_PROJECTION,user_annotation,7526526938046.939,890.123,1172161,1172161
G11_WRAPPER,user_annotation,7526526943602.079,12463.366,1172161,1172161
G11_QKV_PROJECTION,user_annotation,7526526943910.061,2515.775,1172161,1172161
G11_BF16_ATTN,user_annotation,7526526954354.839,797.808,1172161,1172161
G11_ATTN_OUTPUT_PROJECTION,user_annotation,7526526955233.463,762.002,1172161,1172161
G11_WRAPPER,user_annotation,7526526964897.881,13106.382,1172161,1172161
G11_QKV_PROJECTION,user_annotation,7526526965211.852,2494.943,1172161,1172161
G11_BF16_ATTN,user_annotation,7526526975603.448,1410.766,1172161,1172161
G11_ATTN_OUTPUT_PROJECTION,user_annotation,7526526977100.119,822.877,1172161,1172161
G11_WRAPPER,user_annotation,7526526982526.377,13275.997,1172161,1172161
G11_QKV_PROJECTION,user_annotation,7526526982876.605,2541.856,1172161,1172161
G11_BF16_ATTN,user_annotation,7526526993974.745,821.726,1172161,1172161
G11_ATTN_OUTPUT_PROJECTION,user_annotation,7526526994893.472,831.942,1172161,1172161
G11_WRAPPER,user_annotation,7526527000087.647,14723.111,1172161,1172161
G11_QKV_PROJECTION,user_annotation,7526527000394.638,2302.752,1172161,1172161
G11_BF16_ATTN,user_annotation,7526527013357.345,605.707,1172161,1172161
G11_ATTN_OUTPUT_PROJECTION,user_annotation,7526527014030.398,715.839,1172161,1172161
G11_WRAPPER,user_annotation,7526527018087.133,17351.603,1172161,1172161
G11_QKV_PROJECTION,user_annotation,7526527018345.017,1920.404,1172161,1172161
G11_BF16_ATTN,user_annotation,7526527034038.726,648.845,1172161,1172161
G11_ATTN_OUTPUT_PROJECTION,user_annotation,7526527034760.986,613.079,1172161,1172161
G11_WRAPPER,user_annotation,7526527038782.136,12133.59,1172161,1172161
G11_QKV_PROJECTION,user_annotation,7526527039031.205,1884.238,1172161,1172161
G11_BF16_ATTN,user_annotation,7526527049544.11,605.538,1172161,1172161
G11_ATTN_OUTPUT_PROJECTION,user_annotation,7526527050214.709,639.05,1172161,1172161
G11_WRAPPER,user_annotation,7526527054125.146,17537.374,1172161,1172161
G11_QKV_PROJECTION,user_annotation,7526527054381.708,1882.825,1172161,1172161
G11_BF16_ATTN,user_annotation,7526527070312.478,611.326,1172161,1172161
G11_ATTN_OUTPUT_PROJECTION,user_annotation,7526527070996.548,604.025,1172161,1172161
G11_WRAPPER,user_annotation,7526527080770.146,48328.168,1172161,1172161
G11_QKV_PROJECTION,user_annotation,7526527081011.985,1821.629,1172161,1172161
G11_BF16_ATTN,user_annotation,7526527127543.232,732.926,1172161,1172161
G11_ATTN_OUTPUT_PROJECTION,user_annotation,7526527128347.099,681.647,1172161,1172161
G11_WRAPPER,user_annotation,7526527132411.387,50531.615,1172161,1172161
G11_QKV_PROJECTION,user_annotation,7526527132685.205,1875.554,1172161,1172161
G11_BF16_ATTN,user_annotation,7526527181397.274,706.074,1172161,1172161
G11_ATTN_OUTPUT_PROJECTION,user_annotation,7526527182176.623,696.62,1172161,1172161
G11_WRAPPER,user_annotation,7526527186214.159,43822.62,1172161,1172161
G11_QKV_PROJECTION,user_annotation,7526527186464.761,1997.384,1172161,1172161
G11_BF16_ATTN,user_annotation,7526527228545.406,691.882,1172161,1172161
G11_ATTN_OUTPUT_PROJECTION,user_annotation,7526527229312.927,654.133,1172161,1172161
G11_WRAPPER,user_annotation,7526527233405.298,52927.443,1172161,1172161
G11_QKV_PROJECTION,user_annotation,7526527233677.865,1922.828,1172161,1172161
G11_BF16_ATTN,user_annotation,7526527284698.775,771.827,1172161,1172161
G11_ATTN_OUTPUT_PROJECTION,user_annotation,7526527285539.36,725.214,1172161,1172161
G11_WRAPPER,user_annotation,7526527289683.052,43209.2,1172161,1172161
G11_QKV_PROJECTION,user_annotation,7526527289931.37,1805.555,1172161,1172161
G11_BF16_ATTN,user_annotation,7526527331336.228,703.912,1172161,1172161
G11_ATTN_OUTPUT_PROJECTION,user_annotation,7526527332106.954,714.728,1172161,1172161
G11_WRAPPER,user_annotation,7526527336153.684,49057.219,1172161,1172161
G11_QKV_PROJECTION,user_annotation,7526527339546.962,2092.163,1172161,1172161
G11_BF16_ATTN,user_annotation,7526527383649.47,713.076,1172161,1172161
G11_ATTN_OUTPUT_PROJECTION,user_annotation,7526527384434.228,706.044,1172161,1172161
G11_WRAPPER,user_annotation,7526527388527.821,47727.479,1172161,1172161
G11_QKV_PROJECTION,user_annotation,7526527388766.354,1859.599,1172161,1172161
G11_BF16_ATTN,user_annotation,7526527434679.144,753.799,1172161,1172161
G11_ATTN_OUTPUT_PROJECTION,user_annotation,7526527435504.666,672.041,1172161,1172161
G11_WRAPPER,user_annotation,7526527439651.573,48511.775,1172161,1172161
G11_QKV_PROJECTION,user_annotation,7526527439893.391,1814.508,1172161,1172161
G11_BF16_ATTN,user_annotation,7526527486611.631,726.206,1172161,1172161
G11_ATTN_OUTPUT_PROJECTION,user_annotation,7526527487408.026,674.786,1172161,1172161
G11_WRAPPER,user_annotation,7526527491430.979,46015.861,1172161,1172161
G11_QKV_PROJECTION,user_annotation,7526527491667.159,1832.837,1172161,1172161
G11_BF16_ATTN,user_annotation,7526527535739.85,828.256,1172161,1172161
G11_ATTN_OUTPUT_PROJECTION,user_annotation,7526527536644.065,685.382,1172161,1172161
G11_WRAPPER,user_annotation,7526527540616.699,43340.356,1172161,1172161
G11_QKV_PROJECTION,user_annotation,7526527540873.04,1891.889,1172161,1172161
G11_BF16_ATTN,user_annotation,7526527582447.684,702.829,1172161,1172161
G11_ATTN_OUTPUT_PROJECTION,user_annotation,7526527583216.767,671.26,1172161,1172161
G11_WRAPPER,user_annotation,7526527587362.402,44757.953,1172161,1172161
G11_QKV_PROJECTION,user_annotation,7526527587631.272,1828.07,1172161,1172161
G11_BF16_ATTN,user_annotation,7526527630430.301,900.759,1172161,1172161
G11_ATTN_OUTPUT_PROJECTION,user_annotation,7526527631401.38,651.8,1172161,1172161
G11_WRAPPER,user_annotation,7526527635297.435,49672.751,1172161,1172161
G11_QKV_PROJECTION,user_annotation,7526527635627.571,1892.431,1172161,1172161
G11_BF16_ATTN,user_annotation,7526527683396.465,742.201,1172161,1172161
G11_ATTN_OUTPUT_PROJECTION,user_annotation,7526527684208.695,690.16,1172161,1172161
G11_WRAPPER,user_annotation,7526527688120.544,44358.439,1172161,1172161
G11_QKV_PROJECTION,user_annotation,7526527688375.163,1768.346,1172161,1172161
G11_BF16_ATTN,user_annotation,7526527730931.101,713.627,1172161,1172161
G11_ATTN_OUTPUT_PROJECTION,user_annotation,7526527731714.246,696.27,1172161,1172161
G11_WRAPPER,user_annotation,7526527735818.907,46039.288,1172161,1172161
G11_QKV_PROJECTION,user_annotation,7526527736056.709,1795.829,1172161,1172161
G11_BF16_ATTN,user_annotation,7526527780308.491,704.822,1172161,1172161
G11_ATTN_OUTPUT_PROJECTION,user_annotation,7526527781083.583,708.238,1172161,1172161
G11_WRAPPER,user_annotation,7526527785100.527,49455.672,1172161,1172161
G11_QKV_PROJECTION,user_annotation,7526527785346.602,1824.934,1172161,1172161
G11_BF16_ATTN,user_annotation,7526527833008.818,711.143,1172161,1172161
G11_ATTN_OUTPUT_PROJECTION,user_annotation,7526527833791.242,693.234,1172161,1172161
G11_WRAPPER,user_annotation,7526527838201.24,43191.524,1172161,1172161
G11_QKV_PROJECTION,user_annotation,7526527838464.783,1833.698,1172161,1172161
G11_BF16_ATTN,user_annotation,7526527879906.899,700.847,1172161,1172161
G11_ATTN_OUTPUT_PROJECTION,user_annotation,7526527880673.599,652.901,1172161,1172161
G11_WRAPPER,user_annotation,7526527884762.174,51065.12,1172161,1172161
G11_QKV_PROJECTION,user_annotation,7526527885004.063,4989.214,1172161,1172161
G11_BF16_ATTN,user_annotation,7526527934268.996,720.717,1172161,1172161
G11_ATTN_OUTPUT_PROJECTION,user_annotation,7526527935059.453,697.961,1172161,1172161
G11_WRAPPER,user_annotation,7526527939218.108,47793.912,1172161,1172161
G11_QKV_PROJECTION,user_annotation,7526527939474.038,1787.316,1172161,1172161
G11_BF16_ATTN,user_annotation,7526527985475.877,716.782,1172161,1172161
G11_ATTN_OUTPUT_PROJECTION,user_annotation,7526527986273.305,667.434,1172161,1172161
G11_WRAPPER,user_annotation,7526527990159.263,44489.634,1172161,1172161
G11_QKV_PROJECTION,user_annotation,7526527990413.751,1937.131,1172161,1172161
G11_BF16_ATTN,user_annotation,7526528033094.866,736.662,1172161,1172161
G11_ATTN_OUTPUT_PROJECTION,user_annotation,7526528033904.172,668.075,1172161,1172161
G11_WRAPPER,user_annotation,7526528038017.827,41087.582,1172161,1172161
G11_QKV_PROJECTION,user_annotation,7526528038263.812,1771.631,1172161,1172161
G11_BF16_ATTN,user_annotation,7526528077605.092,700.305,1172161,1172161
G11_ATTN_OUTPUT_PROJECTION,user_annotation,7526528078374.776,659.321,1172161,1172161
G11_WRAPPER,user_annotation,7526528082368.303,43482.949,1172161,1172161
G11_QKV_PROJECTION,user_annotation,7526528082605.334,1792.944,1172161,1172161
G11_BF16_ATTN,user_annotation,7526528124319.846,690.601,1172161,1172161
G11_ATTN_OUTPUT_PROJECTION,user_annotation,7526528125080.236,658.52,1172161,1172161
G11_WRAPPER,user_annotation,7526528129162.602,42197.007,1172161,1172161
G11_QKV_PROJECTION,user_annotation,7526528129427.766,1883.056,1172161,1172161
G11_BF16_ATTN,user_annotation,7526528169786.038,767.42,1172161,1172161
G11_ATTN_OUTPUT_PROJECTION,user_annotation,7526528170621.094,663.057,1172161,1172161
G11_WRAPPER,user_annotation,7526528174528.145,50032.014,1172161,1172161
G11_QKV_PROJECTION,user_annotation,7526528174781.562,1892.2,1172161,1172161
G11_BF16_ATTN,user_annotation,7526528223018.507,720.317,1172161,1172161
G11_ATTN_OUTPUT_PROJECTION,user_annotation,7526528223811.878,677.65,1172161,1172161
G11_WRAPPER,user_annotation,7526528227958.064,43636.589,1172161,1172161
G11_QKV_PROJECTION,user_annotation,7526528228226.865,1799.745,1172161,1172161
G11_BF16_ATTN,user_annotation,7526528270090.601,697.18,1172161,1172161
G11_ATTN_OUTPUT_PROJECTION,user_annotation,7526528270852.843,671.44,1172161,1172161
G11_WRAPPER,user_annotation,7526528274737.68,41385.478,1172161,1172161
G11_QKV_PROJECTION,user_annotation,7526528275073.615,1911.07,1172161,1172161
G11_BF16_ATTN,user_annotation,7526528314497.084,838.632,1172161,1172161
G11_ATTN_OUTPUT_PROJECTION,user_annotation,7526528315402.691,651.419,1172161,1172161
G11_WRAPPER,user_annotation,7526528319251.632,51235.876,1172161,1172161
G11_QKV_PROJECTION,user_annotation,7526528319501.983,1784.862,1172161,1172161
G11_BF16_ATTN,user_annotation,7526528368837.347,810.478,1172161,1172161
G11_ATTN_OUTPUT_PROJECTION,user_annotation,7526528369716.903,703.61,1172161,1172161
G11_WRAPPER,user_annotation,7526528373682.356,47165.119,1172161,1172161
G11_QKV_PROJECTION,user_annotation,7526528373919.046,1792.854,1172161,1172161
G11_BF16_ATTN,user_annotation,7526528419219.748,760.46,1172161,1172161
G11_ATTN_OUTPUT_PROJECTION,user_annotation,7526528420065.431,711.063,1172161,1172161
G11_WRAPPER,user_annotation,7526528424137.651,53373.881,1172161,1172161
G11_QKV_PROJECTION,user_annotation,7526528424401.023,1904.039,1172161,1172161
G11_BF16_ATTN,user_annotation,7526528475868.712,751.776,1172161,1172161
G11_ATTN_OUTPUT_PROJECTION,user_annotation,7526528476692.201,746.387,1172161,1172161
G11_WRAPPER,user_annotation,7526528481065.331,46879.072,1172161,1172161
G11_QKV_PROJECTION,user_annotation,7526528481336.265,1883.376,1172161,1172161
G11_BF16_ATTN,user_annotation,7526528526303.396,766.328,1172161,1172161
G11_ATTN_OUTPUT_PROJECTION,user_annotation,7526528527138.121,735.842,1172161,1172161
G11_WRAPPER,user_annotation,7526528531214.137,42545.453,1172161,1172161
G11_QKV_PROJECTION,user_annotation,7526528531466.112,1908.906,1172161,1172161
G11_BF16_ATTN,user_annotation,7526528572254.566,686.644,1172161,1172161
G11_ATTN_OUTPUT_PROJECTION,user_annotation,7526528573015.065,674.606,1172161,1172161
G11_WRAPPER,user_annotation,7526528586705.2,18727.715,1172161,1172161
G11_QKV_PROJECTION,user_annotation,7526528586949.272,1847.119,1172161,1172161
G11_BF16_ATTN,user_annotation,7526528604037.463,646.511,1172161,1172161
G11_ATTN_OUTPUT_PROJECTION,user_annotation,7526528604755.135,610.014,1172161,1172161
G11_WRAPPER,user_annotation,7526528609058.477,19755.262,1172161,1172161
G11_QKV_PROJECTION,user_annotation,7526528609323.091,1931.481,1172161,1172161
G11_BF16_ATTN,user_annotation,7526528627439.88,631.298,1172161,1172161
G11_ATTN_OUTPUT_PROJECTION,user_annotation,7526528628139.124,606.859,1172161,1172161
G11_WRAPPER,user_annotation,7526528632168.337,13995.222,1172161,1172161
G11_QKV_PROJECTION,user_annotation,7526528632425.048,1814.008,1172161,1172161
G11_BF16_ATTN,user_annotation,7526528644781.317,645.459,1172161,1172161
G11_ATTN_OUTPUT_PROJECTION,user_annotation,7526528645495.294,601.17,1172161,1172161
G11_WRAPPER,user_annotation,7526528649306.175,17237.584,1172161,1172161
G11_QKV_PROJECTION,user_annotation,7526528649558.309,1805.314,1172161,1172161
G11_BF16_ATTN,user_annotation,7526528665090.946,661.355,1172161,1172161
G11_ATTN_OUTPUT_PROJECTION,user_annotation,7526528665833.127,623.566,1172161,1172161
G11_WRAPPER,user_annotation,7526528669636.497,20452.613,1172161,1172161
G11_QKV_PROJECTION,user_annotation,7526528669864.403,2093.766,1172161,1172161
G11_BF16_ATTN,user_annotation,7526528688667.426,677.2,1172161,1172161
G11_ATTN_OUTPUT_PROJECTION,user_annotation,7526528689414.185,608.541,1172161,1172161
G11_WRAPPER,user_annotation,7526528693185.494,18647.53,1172161,1172161
G11_QKV_PROJECTION,user_annotation,7526528693430.147,1782.247,1172161,1172161
G11_BF16_ATTN,user_annotation,7526528710382.865,655.025,1172161,1172161
G11_ATTN_OUTPUT_PROJECTION,user_annotation,7526528711106.878,659.241,1172161,1172161
G11_WRAPPER,user_annotation,7526528715165.757,13221.562,1172161,1172161
G11_QKV_PROJECTION,user_annotation,7526528715409.899,1806.215,1172161,1172161
G11_BF16_ATTN,user_annotation,7526528727046.912,609.714,1172161,1172161
G11_ATTN_OUTPUT_PROJECTION,user_annotation,7526528727729.079,591.455,1172161,1172161
G11_WRAPPER,user_annotation,7526528732877.312,21147.27,1172161,1172161
G11_QKV_PROJECTION,user_annotation,7526528733146.053,1934.696,1172161,1172161
G11_BF16_ATTN,user_annotation,7526528752583.889,692.183,1172161,1172161
G11_ATTN_OUTPUT_PROJECTION,user_annotation,7526528753343.577,609.894,1172161,1172161
G11_WRAPPER,user_annotation,7526528757378.268,18754.327,1172161,1172161
G11_QKV_PROJECTION,user_annotation,7526528757618.634,1863.856,1172161,1172161
G11_BF16_ATTN,user_annotation,7526528774752.116,632.209,1172161,1172161
G11_ATTN_OUTPUT_PROJECTION,user_annotation,7526528775451.87,607.921,1172161,1172161
G11_WRAPPER,user_annotation,7526528779444.115,19878.906,1172161,1172161
G11_QKV_PROJECTION,user_annotation,7526528779679.584,1797.592,1172161,1172161
G11_BF16_ATTN,user_annotation,7526528797893.235,680.554,1172161,1172161
G11_ATTN_OUTPUT_PROJECTION,user_annotation,7526528798642.897,608.552,1172161,1172161
G11_WRAPPER,user_annotation,7526528802600.718,19801.075,1172161,1172161
G11_QKV_PROJECTION,user_annotation,7526528802832.571,1808.219,1172161,1172161
G11_BF16_ATTN,user_annotation,7526528821016.315,634.353,1172161,1172161
G11_ATTN_OUTPUT_PROJECTION,user_annotation,7526528821716.561,617.766,1172161,1172161
G11_WRAPPER,user_annotation,7526528825510.285,19620.922,1172161,1172161
G11_QKV_PROJECTION,user_annotation,7526528825744.271,1917.47,1172161,1172161
G11_BF16_ATTN,user_annotation,7526528843753.162,642.315,1172161,1172161
G11_ATTN_OUTPUT_PROJECTION,user_annotation,7526528844460.699,604.275,1172161,1172161
G11_WRAPPER,user_annotation,7526528848434.274,19157.558,1172161,1172161
G11_QKV_PROJECTION,user_annotation,7526528848673.979,1818.785,1172161,1172161
G11_BF16_ATTN,user_annotation,7526528866160.553,628.743,1172161,1172161
G11_ATTN_OUTPUT_PROJECTION,user_annotation,7526528866855.009,671.13,1172161,1172161
G11_WRAPPER,user_annotation,7526528870862.929,15171.512,1172161,1172161
G11_QKV_PROJECTION,user_annotation,7526528871102.073,1826.407,1172161,1172161
G11_BF16_ATTN,user_annotation,7526528884458.606,826.413,1172161,1172161
G11_ATTN_OUTPUT_PROJECTION,user_annotation,7526528885362.881,587.819,1172161,1172161
G11_WRAPPER,user_annotation,7526528889340.142,17740.401,1172161,1172161
G11_QKV_PROJECTION,user_annotation,7526528889606.168,1914.565,1172161,1172161
G11_BF16_ATTN,user_annotation,7526528905629.232,629.515,1172161,1172161
G11_ATTN_OUTPUT_PROJECTION,user_annotation,7526528906329.768,683.089,1172161,1172161
G11_WRAPPER,user_annotation,7526528910262.14,18183.053,1172161,1172161
G11_QKV_PROJECTION,user_annotation,7526528910517.309,1908.245,1172161,1172161
G11_BF16_ATTN,user_annotation,7526528927040.886,617.376,1172161,1172161
G11_ATTN_OUTPUT_PROJECTION,user_annotation,7526528927726.218,652.05,1172161,1172161
G11_WRAPPER,user_annotation,7526528931847.725,19938.93,1172161,1172161
G11_QKV_PROJECTION,user_annotation,7526528932095.953,1940.937,1172161,1172161
G11_BF16_ATTN,user_annotation,7526528950418.274,618.067,1172161,1172161
G11_ATTN_OUTPUT_PROJECTION,user_annotation,7526528951102.705,614.762,1172161,1172161
G11_WRAPPER,user_annotation,7526528954944.114,12500.274,1172161,1172161
G11_QKV_PROJECTION,user_annotation,7526528955753.34,1804.873,1172161,1172161
G11_BF16_ATTN,user_annotation,7526528966063.858,651.96,1172161,1172161
G11_ATTN_OUTPUT_PROJECTION,user_annotation,7526528966786.349,588.881,1172161,1172161
G11_WRAPPER,user_annotation,7526528970550.206,20555.404,1172161,1172161
G11_QKV_PROJECTION,user_annotation,7526528970781.708,1892.481,1172161,1172161
G11_BF16_ATTN,user_annotation,7526528989703.387,657.869,1172161,1172161
G11_ATTN_OUTPUT_PROJECTION,user_annotation,7526528990427.92,613.129,1172161,1172161
G11_WRAPPER,user_annotation,7526528995559.197,16815.704,1172161,1172161
G11_QKV_PROJECTION,user_annotation,7526528995932.641,2097.631,1172161,1172161
G11_BF16_ATTN,user_annotation,7526529010836.455,774.441,1172161,1172161
G11_ATTN_OUTPUT_PROJECTION,user_annotation,7526529011678.642,627.812,1172161,1172161
G11_WRAPPER,user_annotation,7526529015639.478,20563.787,1172161,1172161
G11_QKV_PROJECTION,user_annotation,7526529015896.53,1858.597,1172161,1172161
G11_BF16_ATTN,user_annotation,7526529034742.72,657.759,1172161,1172161
G11_ATTN_OUTPUT_PROJECTION,user_annotation,7526529035489.118,642.695,1172161,1172161
G11_WRAPPER,user_annotation,7526529039348.966,12441.492,1172161,1172161
G11_QKV_PROJECTION,user_annotation,7526529039586.267,1958.794,1172161,1172161
G11_BF16_ATTN,user_annotation,7526529050334.44,711.743,1172161,1172161
G11_ATTN_OUTPUT_PROJECTION,user_annotation,7526529051112.267,615.112,1172161,1172161
G11_WRAPPER,user_annotation,7526529054918.921,19797.419,1172161,1172161
G11_QKV_PROJECTION,user_annotation,7526529055148.711,1796.75,1172161,1172161
G11_BF16_ATTN,user_annotation,7526529073300.886,657.047,1172161,1172161
G11_ATTN_OUTPUT_PROJECTION,user_annotation,7526529074023.917,625.598,1172161,1172161
G11_WRAPPER,user_annotation,7526529077980.326,18000.647,1172161,1172161
G11_QKV_PROJECTION,user_annotation,7526529078218.769,1846.047,1172161,1172161
G11_BF16_ATTN,user_annotation,7526529094500.407,713.987,1172161,1172161
G11_ATTN_OUTPUT_PROJECTION,user_annotation,7526529095301.831,611.767,1172161,1172161
G11_WRAPPER,user_annotation,7526529099203.815,13659.677,1172161,1172161
G11_QKV_PROJECTION,user_annotation,7526529099476.311,1880.582,1172161,1172161
G11_BF16_ATTN,user_annotation,7526529111469.922,651.87,1172161,1172161
G11_ATTN_OUTPUT_PROJECTION,user_annotation,7526529112187.154,612.068,1172161,1172161
G11_WRAPPER,user_annotation,7526529116127.338,17029.679,1172161,1172161
G11_QKV_PROJECTION,user_annotation,7526529116379.913,1818.895,1172161,1172161
G11_BF16_ATTN,user_annotation,7526529131721.872,687.816,1172161,1172161
G11_ATTN_OUTPUT_PROJECTION,user_annotation,7526529132477.674,614.641,1172161,1172161
G11_WRAPPER,user_annotation,7526529136394.952,19795.225,1172161,1172161
G11_QKV_PROJECTION,user_annotation,7526529136672.145,1860.681,1172161,1172161
G11_BF16_ATTN,user_annotation,7526529154755.522,673.794,1172161,1172161
G11_ATTN_OUTPUT_PROJECTION,user_annotation,7526529155495.65,625.308,1172161,1172161
G11_WRAPPER,user_annotation,7526529159435.022,13013.036,1172161,1172161
G11_QKV_PROJECTION,user_annotation,7526529159745.057,1961.168,1172161,1172161
G11_BF16_ATTN,user_annotation,7526529170826.351,836.279,1172161,1172161
G11_ATTN_OUTPUT_PROJECTION,user_annotation,7526529171732.309,650.918,1172161,1172161
G11_WRAPPER,user_annotation,7526529175700.506,18154.008,1172161,1172161
G11_QKV_PROJECTION,user_annotation,7526529175960.413,1837.564,1172161,1172161
G11_BF16_ATTN,user_annotation,7526529192303.397,741.51,1172161,1172161
G11_ATTN_OUTPUT_PROJECTION,user_annotation,7526529193123.13,624.166,1172161,1172161
G11_WRAPPER,user_annotation,7526529197145.722,22782.177,1172161,1172161
G11_QKV_PROJECTION,user_annotation,7526529197392.268,5033.654,1172161,1172161
G11_BF16_ATTN,user_annotation,7526529218540.719,636.106,1172161,1172161
G11_ATTN_OUTPUT_PROJECTION,user_annotation,7526529219255.327,607.761,1172161,1172161
G11_WRAPPER,user_annotation,7526529229329.256,18985.618,1172161,1172161
G11_QKV_PROJECTION,user_annotation,7526529229578.395,1891.379,1172161,1172161
G11_BF16_ATTN,user_annotation,7526529246833.126,661.285,1172161,1172161
G11_ATTN_OUTPUT_PROJECTION,user_annotation,7526529247584.241,655.215,1172161,1172161
G11_WRAPPER,user_annotation,7526529251515.331,19402.681,1172161,1172161
G11_QKV_PROJECTION,user_annotation,7526529251750.559,1876.234,1172161,1172161
G11_BF16_ATTN,user_annotation,7526529269455.444,690.36,1172161,1172161
G11_ATTN_OUTPUT_PROJECTION,user_annotation,7526529270213.269,636.366,1172161,1172161
G11_WRAPPER,user_annotation,7526529274209.08,16071.61,1172161,1172161
G11_QKV_PROJECTION,user_annotation,7526529274453.943,2026.73,1172161,1172161
G11_BF16_ATTN,user_annotation,7526529288812.193,661.605,1172161,1172161
G11_ATTN_OUTPUT_PROJECTION,user_annotation,7526529289549.226,637.647,1172161,1172161
G11_WRAPPER,user_annotation,7526529294194.072,14835.126,1172161,1172161
G11_QKV_PROJECTION,user_annotation,7526529294433.937,1959.805,1172161,1172161
G11_BF16_ATTN,user_annotation,7526529307539.838,714.457,1172161,1172161
G11_ATTN_OUTPUT_PROJECTION,user_annotation,7526529308325.307,636.766,1172161,1172161
G11_WRAPPER,user_annotation,7526529312447.505,19928.243,1172161,1172161
G11_QKV_PROJECTION,user_annotation,7526529312691.036,1878.548,1172161,1172161
G11_BF16_ATTN,user_annotation,7526529330734.991,740.479,1172161,1172161
G11_ATTN_OUTPUT_PROJECTION,user_annotation,7526529331549.195,748.05,1172161,1172161
G11_WRAPPER,user_annotation,7526529336698.009,20050.284,1172161,1172161
G11_QKV_PROJECTION,user_annotation,7526529336968.071,2426.216,1172161,1172161
G11_BF16_ATTN,user_annotation,7526529355190.196,685.702,1172161,1172161
G11_ATTN_OUTPUT_PROJECTION,user_annotation,7526529355954.792,725.915,1172161,1172161
G11_WRAPPER,user_annotation,7526529360336.055,16255.959,1172161,1172161
G11_QKV_PROJECTION,user_annotation,7526529360636.776,2310.123,1172161,1172161
G11_BF16_ATTN,user_annotation,7526529375193.166,654.954,1172161,1172161
G11_ATTN_OUTPUT_PROJECTION,user_annotation,7526529375918.781,608.081,1172161,1172161
G11_WRAPPER,user_annotation,7526529379854.197,19148.804,1172161,1172161
G11_QKV_PROJECTION,user_annotation,7526529380094.973,1996.624,1172161,1172161
G11_BF16_ATTN,user_annotation,7526529397592.634,640.953,1172161,1172161
G11_ATTN_OUTPUT_PROJECTION,user_annotation,7526529398312.611,620.37,1172161,1172161
G11_WRAPPER,user_annotation,7526529402127.749,21078.211,1172161,1172161
G11_QKV_PROJECTION,user_annotation,7526529402378.29,1955.98,1172161,1172161
G11_BF16_ATTN,user_annotation,7526529421741.56,686.123,1172161,1172161
G11_ATTN_OUTPUT_PROJECTION,user_annotation,7526529422497.803,625.128,1172161,1172161
G11_WRAPPER,user_annotation,7526529426446.59,27782.639,1172161,1172161
G11_QKV_PROJECTION,user_annotation,7526529426691.733,1840.73,1172161,1172161
G11_BF16_ATTN,user_annotation,7526529452731.466,703.1,1172161,1172161
G11_ATTN_OUTPUT_PROJECTION,user_annotation,7526529453511.897,645.49,1172161,1172161
G11_WRAPPER,user_annotation,7526529457577.126,15505.655,1172161,1172161
G11_QKV_PROJECTION,user_annotation,7526529457810.892,1909.827,1172161,1172161
G11_BF16_ATTN,user_annotation,7526529471665.424,670.94,1172161,1172161
G11_ATTN_OUTPUT_PROJECTION,user_annotation,7526529472402.066,615.904,1172161,1172161
G11_WRAPPER,user_annotation,7526529476390.225,18352.989,1172161,1172161
G11_QKV_PROJECTION,user_annotation,7526529476620.996,1831.335,1172161,1172161
G11_BF16_ATTN,user_annotation,7526529493293.897,686.884,1172161,1172161
G11_ATTN_OUTPUT_PROJECTION,user_annotation,7526529494047.856,625.088,1172161,1172161
G11_WRAPPER,user_annotation,7526529498017.906,16802.374,1172161,1172161
G11_QKV_PROJECTION,user_annotation,7526529498280.637,1908.416,1172161,1172161
G11_BF16_ATTN,user_annotation,7526529513440.732,626.71,1172161,1172161
G11_ATTN_OUTPUT_PROJECTION,user_annotation,7526529514134.036,618.758,1172161,1172161
G11_WRAPPER,user_annotation,7526529518141.805,13598.031,1172161,1172161
G11_QKV_PROJECTION,user_annotation,7526529518411.497,1821.85,1172161,1172161
G11_BF16_ATTN,user_annotation,7526529530325.444,633.2,1172161,1172161
G11_ATTN_OUTPUT_PROJECTION,user_annotation,7526529531026.951,649.807,1172161,1172161
G11_WRAPPER,user_annotation,7526529535091.159,20205.697,1172161,1172161
G11_QKV_PROJECTION,user_annotation,7526529535343.053,1806.095,1172161,1172161
G11_BF16_ATTN,user_annotation,7526529553852.547,674.515,1172161,1172161
G11_ATTN_OUTPUT_PROJECTION,user_annotation,7526529554594.557,624.928,1172161,1172161
G11_WRAPPER,user_annotation,7526529558430.638,20658.555,1172161,1172161
G11_QKV_PROJECTION,user_annotation,7526529558669.692,1964.463,1172161,1172161
G11_BF16_ATTN,user_annotation,7526529577557.688,766.138,1172161,1172161
G11_ATTN_OUTPUT_PROJECTION,user_annotation,7526529578388.948,630.977,1172161,1172161
G11_WRAPPER,user_annotation,7526529582398.37,19052.884,1172161,1172161
G11_QKV_PROJECTION,user_annotation,7526529582645.236,1804.543,1172161,1172161
G11_BF16_ATTN,user_annotation,7526529600056.502,632.67,1172161,1172161
G11_ATTN_OUTPUT_PROJECTION,user_annotation,7526529600757.038,623.946,1172161,1172161
G11_WRAPPER,user_annotation,7526529604831.772,18989.905,1172161,1172161
G11_QKV_PROJECTION,user_annotation,7526529605066.048,1813.096,1172161,1172161
G11_BF16_ATTN,user_annotation,7526529622459.075,618.738,1172161,1172161
G11_ATTN_OUTPUT_PROJECTION,user_annotation,7526529623150.026,603.394,1172161,1172161
G11_WRAPPER,user_annotation,7526529626912.111,14762.152,1172161,1172161
G11_QKV_PROJECTION,user_annotation,7526529627215.346,1939.774,1172161,1172161
G11_BF16_ATTN,user_annotation,7526529640141.876,647.453,1172161,1172161
G11_ATTN_OUTPUT_PROJECTION,user_annotation,7526529640856.824,756.023,1172161,1172161
G11_WRAPPER,user_annotation,7526529644886.208,19735.671,1172161,1172161
G11_QKV_PROJECTION,user_annotation,7526529645151.492,1796.881,1172161,1172161
G11_BF16_ATTN,user_annotation,7526529663154.664,707.297,1172161,1172161
G11_ATTN_OUTPUT_PROJECTION,user_annotation,7526529663930.738,624.717,1172161,1172161
G11_WRAPPER,user_annotation,7526529667983.217,29064.295,1172161,1172161
G11_QKV_PROJECTION,user_annotation,7526529668236.474,1922.677,1172161,1172161
G11_BF16_ATTN,user_annotation,7526529695452.066,689.639,1172161,1172161
G11_ATTN_OUTPUT_PROJECTION,user_annotation,7526529696211.023,764.055,1172161,1172161
G11_WRAPPER,user_annotation,7526529700402.981,19387.927,1172161,1172161
G11_QKV_PROJECTION,user_annotation,7526529700681.346,1854.641,1172161,1172161
G11_BF16_ATTN,user_annotation,7526529718393.202,665.862,1172161,1172161
G11_ATTN_OUTPUT_PROJECTION,user_annotation,7526529719126.058,598.497,1172161,1172161
G11_WRAPPER,user_annotation,7526529722899.181,17306.251,1172161,1172161
G11_QKV_PROJECTION,user_annotation,7526529723188.223,1863.895,1172161,1172161
G11_BF16_ATTN,user_annotation,7526529738811.752,651.95,1172161,1172161
G11_ATTN_OUTPUT_PROJECTION,user_annotation,7526529739531.568,609.293,1172161,1172161
G11_WRAPPER,user_annotation,7526529743506.145,16661.093,1172161,1172161
G11_QKV_PROJECTION,user_annotation,7526529743756.637,1798.554,1172161,1172161
G11_BF16_ATTN,user_annotation,7526529758780.118,631.838,1172161,1172161
G11_ATTN_OUTPUT_PROJECTION,user_annotation,7526529759477.98,591.465,1172161,1172161
G11_WRAPPER,user_annotation,7526529763493.892,18630.192,1172161,1172161
G11_QKV_PROJECTION,user_annotation,7526529763738.424,1792.224,1172161,1172161
G11_BF16_ATTN,user_annotation,7526529780747.461,645.349,1172161,1172161
G11_ATTN_OUTPUT_PROJECTION,user_annotation,7526529781459.895,596.603,1172161,1172161
G11_WRAPPER,user_annotation,7526529785424.717,21320.611,1172161,1172161
G11_QKV_PROJECTION,user_annotation,7526529785699.808,2004.876,1172161,1172161
G11_BF16_ATTN,user_annotation,7526529805344.497,632.389,1172161,1172161
G11_ATTN_OUTPUT_PROJECTION,user_annotation,7526529806046.906,622.413,1172161,1172161
G11_WRAPPER,user_annotation,7526529810017.307,20869.445,1172161,1172161
G11_QKV_PROJECTION,user_annotation,7526529810260.397,1930.169,1172161,1172161
G11_BF16_ATTN,user_annotation,7526529829404.113,657.027,1172161,1172161
G11_ATTN_OUTPUT_PROJECTION,user_annotation,7526529830127.414,691.141,1172161,1172161
G11_WRAPPER,user_annotation,7526529834418.537,21193.572,1172161,1172161
G11_QKV_PROJECTION,user_annotation,7526529834680.647,1956.73,1172161,1172161
G11_BF16_ATTN,user_annotation,7526529854192.548,658.27,1172161,1172161
G11_ATTN_OUTPUT_PROJECTION,user_annotation,7526529854917.873,625.619,1172161,1172161
G11_WRAPPER,user_annotation,7526529858749.857,19581.922,1172161,1172161
G11_QKV_PROJECTION,user_annotation,7526529859004.025,2015.523,1172161,1172161
G11_BF16_ATTN,user_annotation,7526529876845.994,686.885,1172161,1172161
G11_ATTN_OUTPUT_PROJECTION,user_annotation,7526529877600.915,661.205,1172161,1172161
G11_WRAPPER,user_annotation,7526529882972.438,20905.772,1172161,1172161
G11_QKV_PROJECTION,user_annotation,7526529883237.362,1869.274,1172161,1172161
G11_BF16_ATTN,user_annotation,7526529902481.585,635.965,1172161,1172161
G11_ATTN_OUTPUT_PROJECTION,user_annotation,7526529903192.578,619.228,1172161,1172161
G11_WRAPPER,user_annotation,7526529913118.124,21324.918,1172161,1172161
G11_QKV_PROJECTION,user_annotation,7526529913390.55,1922.317,1172161,1172161
G11_BF16_ATTN,user_annotation,7526529932983.539,699.934,1172161,1172161
G11_ATTN_OUTPUT_PROJECTION,user_annotation,7526529933754.374,622.935,1172161,1172161
G11_WRAPPER,user_annotation,7526529940779.734,18282.398,1172161,1172161
G11_QKV_PROJECTION,user_annotation,7526529941086.794,2006.349,1172161,1172161
G11_BF16_ATTN,user_annotation,7526529957670.636,654.974,1172161,1172161
G11_ATTN_OUTPUT_PROJECTION,user_annotation,7526529958394.258,598.376,1172161,1172161
G11_WRAPPER,user_annotation,7526529962286.897,19922.013,1172161,1172161
G11_QKV_PROJECTION,user_annotation,7526529962649.494,1831.405,1172161,1172161
G11_BF16_ATTN,user_annotation,7526529980624.191,756.343,1172161,1172161
G11_ATTN_OUTPUT_PROJECTION,user_annotation,7526529981450.734,687.305,1172161,1172161
G11_WRAPPER,user_annotation,7526529985570.639,20947.017,1172161,1172161
G11_QKV_PROJECTION,user_annotation,7526529985831.066,1973.557,1172161,1172161
G11_BF16_ATTN,user_annotation,7526530005113.369,647.232,1172161,1172161
G11_ATTN_OUTPUT_PROJECTION,user_annotation,7526530005831.322,620.891,1172161,1172161
G11_WRAPPER,user_annotation,7526530009812.209,20381.512,1172161,1172161
G11_QKV_PROJECTION,user_annotation,7526530010050.492,1781.967,1172161,1172161
G11_BF16_ATTN,user_annotation,7526530028783.726,664.84,1172161,1172161
G11_ATTN_OUTPUT_PROJECTION,user_annotation,7526530029519.497,608.041,1172161,1172161
G11_WRAPPER,user_annotation,7526530033505.181,18217.277,1172161,1172161
G11_QKV_PROJECTION,user_annotation,7526530033742.332,1799.545,1172161,1172161
G11_BF16_ATTN,user_annotation,7526530050333.115,624.396,1172161,1172161
G11_ATTN_OUTPUT_PROJECTION,user_annotation,7526530051028.713,619.078,1172161,1172161
G11_WRAPPER,user_annotation,7526530054863.441,14476.555,1172161,1172161
G11_QKV_PROJECTION,user_annotation,7526530055103.887,1933.926,1172161,1172161
G11_BF16_ATTN,user_annotation,7526530067453.856,1094.021,1172161,1172161
G11_ATTN_OUTPUT_PROJECTION,user_annotation,7526530068615.974,658.57,1172161,1172161
G11_WRAPPER,user_annotation,7526530072663.195,16967.952,1172161,1172161
G11_QKV_PROJECTION,user_annotation,7526530072898.873,1796.19,1172161,1172161
G11_BF16_ATTN,user_annotation,7526530088184.915,640.101,1172161,1172161
G11_ATTN_OUTPUT_PROJECTION,user_annotation,7526530088904.45,652.321,1172161,1172161
G11_WRAPPER,user_annotation,7526530092976.6,14031.67,1172161,1172161
G11_QKV_PROJECTION,user_annotation,7526530093209.525,1811.313,1172161,1172161
G11_BF16_ATTN,user_annotation,7526530105626.658,648.605,1172161,1172161
G11_ATTN_OUTPUT_PROJECTION,user_annotation,7526530106347.035,588.301,1172161,1172161
G11_WRAPPER,user_annotation,7526530110142.322,14629.294,1172161,1172161
G11_QKV_PROJECTION,user_annotation,7526530110415.62,1906.121,1172161,1172161
G11_BF16_ATTN,user_annotation,7526530123225.978,665.602,1172161,1172161
G11_ATTN_OUTPUT_PROJECTION,user_annotation,7526530123963.983,719.295,1172161,1172161
G11_WRAPPER,user_annotation,7526530128018.676,11451.603,1172161,1172161
G11_QKV_PROJECTION,user_annotation,7526530128273.835,2055.054,1172161,1172161
G11_BF16_ATTN,user_annotation,7526530137913.313,731.725,1172161,1172161
G11_ATTN_OUTPUT_PROJECTION,user_annotation,7526530138735.179,646.621,1172161,1172161
G11_WRAPPER,user_annotation,7526530142922.469,12106.488,1172161,1172161
G11_QKV_PROJECTION,user_annotation,7526530143223.76,1891.309,1172161,1172161
G11_BF16_ATTN,user_annotation,7526530153349.58,866.976,1172161,1172161
G11_ATTN_OUTPUT_PROJECTION,user_annotation,7526530154302.861,659.822,1172161,1172161
G11_WRAPPER,user_annotation,7526530161990.466,11600.206,1172161,1172161
G11_QKV_PROJECTION,user_annotation,7526530162294.422,1892.58,1172161,1172161
G11_BF16_ATTN,user_annotation,7526530172011.192,793.27,1172161,1172161
G11_ATTN_OUTPUT_PROJECTION,user_annotation,7526530172877.467,637.006,1172161,1172161
G11_WRAPPER,user_annotation,7526530177037.304,11163.853,1172161,1172161
G11_QKV_PROJECTION,user_annotation,7526530177292.092,1902.837,1172161,1172161
G11_BF16_ATTN,user_annotation,7526530186803.451,656.196,1172161,1172161
G11_ATTN_OUTPUT_PROJECTION,user_annotation,7526530187527.814,604.986,1172161,1172161
G11_WRAPPER,user_annotation,7526530191718.96,12005.029,1172161,1172161
G11_QKV_PROJECTION,user_annotation,7526530192022.715,1886.17,1172161,1172161
G11_BF16_ATTN,user_annotation,7526530202279.79,675.446,1172161,1172161
G11_ATTN_OUTPUT_PROJECTION,user_annotation,7526530203023.513,633.551,1172161,1172161
G11_WRAPPER,user_annotation,7526530207192.434,11945.326,1172161,1172161
G11_QKV_PROJECTION,user_annotation,7526530207507.718,1899.952,1172161,1172161
G11_BF16_ATTN,user_annotation,7526530217703.897,689.719,1172161,1172161
G11_ATTN_OUTPUT_PROJECTION,user_annotation,7526530218476.436,583.522,1172161,1172161
G11_WRAPPER,user_annotation,7526530222372.48,11414.816,1172161,1172161
G11_QKV_PROJECTION,user_annotation,7526530222611.624,1968.389,1172161,1172161
G11_BF16_ATTN,user_annotation,7526530232256.231,663.968,1172161,1172161
G11_ATTN_OUTPUT_PROJECTION,user_annotation,7526530232990.029,688.787,1172161,1172161
G11_WRAPPER,user_annotation,7526530237143.346,12711.714,1172161,1172161
G11_QKV_PROJECTION,user_annotation,7526530237450.005,1983.934,1172161,1172161
G11_BF16_ATTN,user_annotation,7526530248389.938,682.939,1172161,1172161
G11_ATTN_OUTPUT_PROJECTION,user_annotation,7526530249146.552,639.16,1172161,1172161
G11_WRAPPER,user_annotation,7526530253254.307,11694.814,1172161,1172161
G11_QKV_PROJECTION,user_annotation,7526530253526.734,2021.512,1172161,1172161
G11_BF16_ATTN,user_annotation,7526530263510.911,608.412,1172161,1172161
G11_ATTN_OUTPUT_PROJECTION,user_annotation,7526530264199.489,666.152,1172161,1172161
G11_WRAPPER,user_annotation,7526530268234.07,12116.413,1172161,1172161
G11_QKV_PROJECTION,user_annotation,7526530268496.57,2079.704,1172161,1172161
G11_BF16_ATTN,user_annotation,7526530278913.265,625.809,1172161,1172161
G11_ATTN_OUTPUT_PROJECTION,user_annotation,7526530279612.429,660.072,1172161,1172161
G11_WRAPPER,user_annotation,7526530283718.662,13837.716,1172161,1172161
G11_QKV_PROJECTION,user_annotation,7526530283987.582,1945.774,1172161,1172161
G11_BF16_ATTN,user_annotation,7526530296056.221,707.236,1172161,1172161
G11_ATTN_OUTPUT_PROJECTION,user_annotation,7526530296831.344,615.432,1172161,1172161
G11_WRAPPER,user_annotation,7526530300992.212,11914.057,1172161,1172161
G11_QKV_PROJECTION,user_annotation,7526530301330.822,1997.835,1172161,1172161
G11_BF16_ATTN,user_annotation,7526530311461.349,705.754,1172161,1172161
G11_ATTN_OUTPUT_PROJECTION,user_annotation,7526530312234.939,598.767,1172161,1172161
G11_WRAPPER,user_annotation,7526530316157.585,15416.425,1172161,1172161
G11_QKV_PROJECTION,user_annotation,7526530316400.285,1939.814,1172161,1172161
G11_BF16_ATTN,user_annotation,7526530329937.981,826.733,1172161,1172161
G11_ATTN_OUTPUT_PROJECTION,user_annotation,7526530330840.693,665.241,1172161,1172161
G11_WRAPPER,user_annotation,7526530335112.806,11370.206,1172161,1172161
G11_QKV_PROJECTION,user_annotation,7526530335387.876,1838.897,1172161,1172161
G11_BF16_ATTN,user_annotation,7526530345050.551,665.211,1172161,1172161
G11_ATTN_OUTPUT_PROJECTION,user_annotation,7526530345793.113,621.913,1172161,1172161
G11_WRAPPER,user_annotation,7526530349914.39,12231.393,1172161,1172161
G11_QKV_PROJECTION,user_annotation,7526530350180.185,2059.392,1172161,1172161
G11_BF16_ATTN,user_annotation,7526530360729.067,658.69,1172161,1172161
G11_ATTN_OUTPUT_PROJECTION,user_annotation,7526530361480.252,597.004,1172161,1172161
G11_WRAPPER,user_annotation,7526530365384.339,11733.594,1172161,1172161
G11_QKV_PROJECTION,user_annotation,7526530365673.651,1990.133,1172161,1172161
G11_BF16_ATTN,user_annotation,7526530375592.517,745.436,1172161,1172161
G11_ATTN_OUTPUT_PROJECTION,user_annotation,7526530376407.442,634.042,1172161,1172161
G11_WRAPPER,user_annotation,7526530380390.953,11911.313,1172161,1172161
G11_QKV_PROJECTION,user_annotation,7526530380676.7,1968.88,1172161,1172161
G11_BF16_ATTN,user_annotation,7526530390831.966,713.736,1172161,1172161
G11_ATTN_OUTPUT_PROJECTION,user_annotation,7526530391625.277,603.323,1172161,1172161
G11_WRAPPER,user_annotation,7526530395701.703,11411.571,1172161,1172161
G11_QKV_PROJECTION,user_annotation,7526530395947.598,1886.01,1172161,1172161
G11_BF16_ATTN,user_annotation,7526530405675.725,667.014,1172161,1172161
G11_ATTN_OUTPUT_PROJECTION,user_annotation,7526530406424.406,619.82,1172161,1172161
G11_WRAPPER,user_annotation,7526530410556.78,11841.434,1172161,1172161
G11_QKV_PROJECTION,user_annotation,7526530410802.605,1904.589,1172161,1172161
G11_BF16_ATTN,user_annotation,7526530420794.735,793.381,1172161,1172161
G11_ATTN_OUTPUT_PROJECTION,user_annotation,7526530421660.74,670.018,1172161,1172161
G11_WRAPPER,user_annotation,7526530425750.708,11580.304,1172161,1172161
G11_QKV_PROJECTION,user_annotation,7526530426007.019,1989.802,1172161,1172161
G11_BF16_ATTN,user_annotation,7526530435774.988,729.612,1172161,1172161
G11_ATTN_OUTPUT_PROJECTION,user_annotation,7526530436584.955,676.409,1172161,1172161
G11_WRAPPER,user_annotation,7526530461880.945,20452.433,1172161,1172161
G11_QKV_PROJECTION,user_annotation,7526530462172.471,2038.078,1172161,1172161
G11_BF16_ATTN,user_annotation,7526530480855.977,701.638,1172161,1172161
G11_ATTN_OUTPUT_PROJECTION,user_annotation,7526530481633.523,630.577,1172161,1172161
G11_WRAPPER,user_annotation,7526530485487.121,19638.921,1172161,1172161
G11_QKV_PROJECTION,user_annotation,7526530485768.602,1994.119,1172161,1172161
G11_BF16_ATTN,user_annotation,7526530503726.142,652.311,1172161,1172161
G11_ATTN_OUTPUT_PROJECTION,user_annotation,7526530504447.04,605.357,1172161,1172161
G11_WRAPPER,user_annotation,7526530508410.6,19410.072,1172161,1172161
G11_QKV_PROJECTION,user_annotation,7526530508644.476,1795.979,1172161,1172161
G11_BF16_ATTN,user_annotation,7526530526407.963,623.745,1172161,1172161
G11_ATTN_OUTPUT_PROJECTION,user_annotation,7526530527112.314,639.721,1172161,1172161
G11_WRAPPER,user_annotation,7526530531121.205,23747.117,1172161,1172161
G11_QKV_PROJECTION,user_annotation,7526530531366.389,4949.152,1172161,1172161
G11_BF16_ATTN,user_annotation,7526530553490.277,631.808,1172161,1172161
G11_ATTN_OUTPUT_PROJECTION,user_annotation,7526530554194.067,608.322,1172161,1172161
G11_WRAPPER,user_annotation,7526530558107.95,20640.958,1172161,1172161
G11_QKV_PROJECTION,user_annotation,7526530558379.124,1934.576,1172161,1172161
G11_BF16_ATTN,user_annotation,7526530577356.289,633.101,1172161,1172161
G11_ATTN_OUTPUT_PROJECTION,user_annotation,7526530578057.777,621.472,1172161,1172161
G11_WRAPPER,user_annotation,7526530581941.592,20562.075,1172161,1172161
G11_QKV_PROJECTION,user_annotation,7526530582185.604,1810.001,1172161,1172161
G11_BF16_ATTN,user_annotation,7526530601104.408,626.039,1172161,1172161
G11_ATTN_OUTPUT_PROJECTION,user_annotation,7526530601805.434,619.81,1172161,1172161
G11_WRAPPER,user_annotation,7526530605946.202,20378.096,1172161,1172161
G11_QKV_PROJECTION,user_annotation,7526530606194.43,1896.176,1172161,1172161
G11_BF16_ATTN,user_annotation,7526530624883.905,672.783,1172161,1172161
G11_ATTN_OUTPUT_PROJECTION,user_annotation,7526530625624.073,631.538,1172161,1172161
G11_WRAPPER,user_annotation,7526530629519.436,20776.801,1172161,1172161
G11_QKV_PROJECTION,user_annotation,7526530629759.322,1941.336,1172161,1172161
G11_BF16_ATTN,user_annotation,7526530648772.333,775.804,1172161,1172161
G11_ATTN_OUTPUT_PROJECTION,user_annotation,7526530649617.115,604.335,1172161,1172161
G11_WRAPPER,user_annotation,7526530653439.454,19625.519,1172161,1172161
G11_QKV_PROJECTION,user_annotation,7526530653670.515,1816.301,1172161,1172161
G11_BF16_ATTN,user_annotation,7526530671661.808,646.792,1172161,1172161
G11_ATTN_OUTPUT_PROJECTION,user_annotation,7526530672377.798,615.824,1172161,1172161
G11_WRAPPER,user_annotation,7526530676224.496,20340.728,1172161,1172161
G11_QKV_PROJECTION,user_annotation,7526530676500.648,1913.964,1172161,1172161
G11_BF16_ATTN,user_annotation,7526530695090.517,656.006,1172161,1172161
G11_ATTN_OUTPUT_PROJECTION,user_annotation,7526530695819.948,673.894,1172161,1172161
G11_WRAPPER,user_annotation,7526530699797.21,20067.08,1172161,1172161
G11_QKV_PROJECTION,user_annotation,7526530700128.928,1859.239,1172161,1172161
G11_BF16_ATTN,user_annotation,7526530718368.76,736.282,1172161,1172161
G11_ATTN_OUTPUT_PROJECTION,user_annotation,7526530719169.583,616.474,1172161,1172161
G11_WRAPPER,user_annotation,7526530723080.661,19070.692,1172161,1172161
G11_QKV_PROJECTION,user_annotation,7526530723369.623,1899.632,1172161,1172161
G11_BF16_ATTN,user_annotation,7526530740765.655,647.453,1172161,1172161
G11_ATTN_OUTPUT_PROJECTION,user_annotation,7526530741481.956,603.434,1172161,1172161
G11_WRAPPER,user_annotation,7526530745395.307,18941.82,1172161,1172161
G11_QKV_PROJECTION,user_annotation,7526530745643.445,1918.802,1172161,1172161
G11_BF16_ATTN,user_annotation,7526530762893.479,650.337,1172161,1172161
G11_ATTN_OUTPUT_PROJECTION,user_annotation,7526530763611.282,606.569,1172161,1172161
G11_WRAPPER,user_annotation,7526530767684.453,17297.298,1172161,1172161
G11_QKV_PROJECTION,user_annotation,7526530767937.249,2439.906,1172161,1172161
G11_BF16_ATTN,user_annotation,7526530783621.113,626.93,1172161,1172161
G11_ATTN_OUTPUT_PROJECTION,user_annotation,7526530784319.515,596.814,1172161,1172161
G11_WRAPPER,user_annotation,7526530791358.987,16691.59,1172161,1172161
G11_QKV_PROJECTION,user_annotation,7526530791665.316,1937.851,1172161,1172161
G11_BF16_ATTN,user_annotation,7526530806614.801,654.514,1172161,1172161
G11_ATTN_OUTPUT_PROJECTION,user_annotation,7526530807348.198,616.144,1172161,1172161
G11_WRAPPER,user_annotation,7526530811373.905,16936.964,1172161,1172161
G11_QKV_PROJECTION,user_annotation,7526530811606.529,1838.266,1172161,1172161
G11_BF16_ATTN,user_annotation,7526530825945.189,1602.777,1172161,1172161
G11_ATTN_OUTPUT_PROJECTION,user_annotation,7526530827621.08,604.876,1172161,1172161
G11_WRAPPER,user_annotation,7526530831556.326,17748.944,1172161,1172161
G11_QKV_PROJECTION,user_annotation,7526530831796.331,1842.122,1172161,1172161
G11_BF16_ATTN,user_annotation,7526530847927.515,636.245,1172161,1172161
G11_ATTN_OUTPUT_PROJECTION,user_annotation,7526530848630.945,595.612,1172161,1172161
G11_WRAPPER,user_annotation,7526530852407.182,20194.83,1172161,1172161
G11_QKV_PROJECTION,user_annotation,7526530852661.12,1923.719,1172161,1172161
G11_BF16_ATTN,user_annotation,7526530871058.979,624.386,1172161,1172161
G11_ATTN_OUTPUT_PROJECTION,user_annotation,7526530871758.032,773.69,1172161,1172161
G11_WRAPPER,user_annotation,7526530875767.003,20486.737,1172161,1172161
G11_QKV_PROJECTION,user_annotation,7526530876009.563,1792.694,1172161,1172161
G11_BF16_ATTN,user_annotation,7526530894847.49,634.923,1172161,1172161
G11_ATTN_OUTPUT_PROJECTION,user_annotation,7526530895554.126,625.518,1172161,1172161
G11_WRAPPER,user_annotation,7526530899499.037,19243.221,1172161,1172161
G11_QKV_PROJECTION,user_annotation,7526530899737.349,1827.599,1172161,1172161
G11_BF16_ATTN,user_annotation,7526530917347.166,613.239,1172161,1172161
G11_ATTN_OUTPUT_PROJECTION,user_annotation,7526530918029.153,644.548,1172161,1172161
G11_WRAPPER,user_annotation,7526530921940.551,19038.782,1172161,1172161
G11_QKV_PROJECTION,user_annotation,7526530922275.675,1809.982,1172161,1172161
G11_BF16_ATTN,user_annotation,7526530939497.335,702.919,1172161,1172161
G11_ATTN_OUTPUT_PROJECTION,user_annotation,7526530940279.728,615.814,1172161,1172161
G11_WRAPPER,user_annotation,7526530944211.669,19698.754,1172161,1172161
G11_QKV_PROJECTION,user_annotation,7526530944475.972,1854.111,1172161,1172161
G11_BF16_ATTN,user_annotation,7526530962498.845,654.143,1172161,1172161
G11_ATTN_OUTPUT_PROJECTION,user_annotation,7526530963220.754,621.522,1172161,1172161
G11_WRAPPER,user_annotation,7526530967129.879,20201.951,1172161,1172161
G11_QKV_PROJECTION,user_annotation,7526530967391.849,1807.507,1172161,1172161
G11_BF16_ATTN,user_annotation,7526530985857.013,700.496,1172161,1172161
G11_ATTN_OUTPUT_PROJECTION,user_annotation,7526530986629.061,635.164,1172161,1172161
G11_WRAPPER,user_annotation,7526530990624.491,20717.848,1172161,1172161
G11_QKV_PROJECTION,user_annotation,7526530990886.982,1873.26,1172161,1172161
G11_BF16_ATTN,user_annotation,7526531009916.268,676.419,1172161,1172161
G11_ATTN_OUTPUT_PROJECTION,user_annotation,7526531010661.013,613.731,1172161,1172161
G11_WRAPPER,user_annotation,7526531014572.712,20314.207,1172161,1172161
G11_QKV_PROJECTION,user_annotation,7526531014824.396,2046.582,1172161,1172161
G11_BF16_ATTN,user_annotation,7526531033487.009,633.682,1172161,1172161
G11_ATTN_OUTPUT_PROJECTION,user_annotation,7526531034198.452,621.833,1172161,1172161
G11_WRAPPER,user_annotation,7526531041374.848,17958.562,1172161,1172161
G11_QKV_PROJECTION,user_annotation,7526531041614.693,1789.409,1172161,1172161
G11_BF16_ATTN,user_annotation,7526531057564.012,1007.416,1172161,1172161
G11_ATTN_OUTPUT_PROJECTION,user_annotation,7526531058639.695,621.192,1172161,1172161
G11_WRAPPER,user_annotation,7526531062540.637,17943.929,1172161,1172161
G11_QKV_PROJECTION,user_annotation,7526531062771.057,1780.245,1172161,1172161
G11_BF16_ATTN,user_annotation,7526531079122.846,629.735,1172161,1172161
G11_ATTN_OUTPUT_PROJECTION,user_annotation,7526531079818.735,600.168,1172161,1172161
G11_WRAPPER,user_annotation,7526531083579.848,19402.02,1172161,1172161
G11_QKV_PROJECTION,user_annotation,7526531083815.797,1917.63,1172161,1172161
G11_BF16_ATTN,user_annotation,7526531101554.495,632.98,1172161,1172161
G11_ATTN_OUTPUT_PROJECTION,user_annotation,7526531102264.105,645.84,1172161,1172161
G11_WRAPPER,user_annotation,7526531106171.998,19530.421,1172161,1172161
G11_QKV_PROJECTION,user_annotation,7526531106430.983,1906.883,1172161,1172161
G11_BF16_ATTN,user_annotation,7526531124311.042,633.772,1172161,1172161
G11_ATTN_OUTPUT_PROJECTION,user_annotation,7526531125014.934,608.271,1172161,1172161
G11_WRAPPER,user_annotation,7526531128977.562,20319.525,1172161,1172161
G11_QKV_PROJECTION,user_annotation,7526531129254.415,1838.777,1172161,1172161
G11_BF16_ATTN,user_annotation,7526531147911.81,644.959,1172161,1172161
G11_ATTN_OUTPUT_PROJECTION,user_annotation,7526531148626.598,591.946,1172161,1172161
G11_WRAPPER,user_annotation,7526531160481.623,56488.483,1172161,1172161
G11_WRAPPER,user_annotation,7526531220311.222,51857.84,1172161,1172161
G11_WRAPPER,user_annotation,7526531275317.927,47833.445,1172161,1172161
G11_WRAPPER,user_annotation,7526531326354.032,50878.467,1172161,1172161
G11_WRAPPER,user_annotation,7526531380406.724,50400.751,1172161,1172161
G11_WRAPPER,user_annotation,7526531434079.463,50929.217,1172161,1172161
G11_WRAPPER,user_annotation,7526531488741.309,50212.706,1172161,1172161
G11_WRAPPER,user_annotation,7526531542184.608,53382.374,1172161,1172161
G11_WRAPPER,user_annotation,7526531598958.868,47950.728,1172161,1172161
G11_WRAPPER,user_annotation,7526531650182.395,44876.89,1172161,1172161
G11_WRAPPER,user_annotation,7526531698277.779,48257.538,1172161,1172161
G11_WRAPPER,user_annotation,7526531749835.74,50712.718,1172161,1172161
G11_WRAPPER,user_annotation,7526531803697.574,49889.541,1172161,1172161
G11_WRAPPER,user_annotation,7526531856890.071,51149.191,1172161,1172161
G11_WRAPPER,user_annotation,7526531911379.918,53490.403,1172161,1172161
G11_WRAPPER,user_annotation,7526531968202.954,59139.17,1172161,1172161
G11_WRAPPER,user_annotation,7526532030751.757,44223.368,1172161,1172161
G11_WRAPPER,user_annotation,7526532078170.082,48524.796,1172161,1172161
G11_WRAPPER,user_annotation,7526532129975.55,50702.843,1172161,1172161
G11_WRAPPER,user_annotation,7526532183951.272,53109.828,1172161,1172161
G11_WRAPPER,user_annotation,7526532240191.848,44317.504,1172161,1172161
G11_WRAPPER,user_annotation,7526532287865.993,48141.926,1172161,1172161
G11_WRAPPER,user_annotation,7526532339287.319,48724.108,1172161,1172161
G11_WRAPPER,user_annotation,7526532391279.729,47438.266,1172161,1172161
G11_WRAPPER,user_annotation,7526532442639.88,43333.365,1172161,1172161
G11_WRAPPER,user_annotation,7526532489687.455,51217.999,1172161,1172161
G11_WRAPPER,user_annotation,7526532544050.433,58899.946,1172161,1172161
G11_WRAPPER,user_annotation,7526532606614.22,45752.369,1172161,1172161
G11_WRAPPER,user_annotation,7526532655828.995,45047.106,1172161,1172161
G11_WRAPPER,user_annotation,7526532704202.634,44519.47,1172161,1172161
G11_WRAPPER,gpu_user_annotation,7526531380535.5,51508.736,7,0
G11_WRAPPER,gpu_user_annotation,7526531326645.151,52142.02,7,0
G11_WRAPPER,gpu_user_annotation,7526531277604.69,46921.76,7,0
G11_WRAPPER,gpu_user_annotation,7526531220685.392,53068.874,7,0
G11_WRAPPER,gpu_user_annotation,7526531161541.694,56720.835,7,0
G11_ATTN_OUTPUT_PROJECTION,gpu_user_annotation,7526530831303.068,101.379,7,0
G11_QKV_PROJECTION,gpu_user_annotation,7526530812836.511,1116.425,7,0
G11_WRAPPER,gpu_user_annotation,7526530812752.734,13475.39,7,0
G11_ATTN_OUTPUT_PROJECTION,gpu_user_annotation,7526530810759.441,102.914,7,0
G11_BF16_ATTN,gpu_user_annotation,7526530808923.3,1834.927,7,0
G11_QKV_PROJECTION,gpu_user_annotation,7526530792098.578,1589.549,7,0
G11_WRAPPER,gpu_user_annotation,7526530792014.961,16907.157,7,0
G11_ATTN_OUTPUT_PROJECTION,gpu_user_annotation,7526526742364.347,102.882,7,0
G11_BF16_ATTN,gpu_user_annotation,7526526740338.637,2024.751,7,0
G11_WRAPPER,gpu_user_annotation,7526526711571.79,10910.73,7,0
G11_ATTN_OUTPUT_PROJECTION,gpu_user_annotation,7526526707232.209,100.034,7,0
G11_BF16_ATTN,gpu_user_annotation,7526526705138.947,2092.304,7,0
G11_WRAPPER,gpu_user_annotation,7526526693837.08,11204.46,7,0
G11_WRAPPER,gpu_user_annotation,7526526676555.013,10815.658,7,0
G11_BF16_ATTN,gpu_user_annotation,7526526670206.586,2107.376,7,0
G11_ATTN_OUTPUT_PROJECTION,gpu_user_annotation,7526526652736.229,102.627,7,0
G11_BF16_ATTN,gpu_user_annotation,7526527880144.334,1851.726,7,0
G11_ATTN_OUTPUT_PROJECTION,gpu_user_annotation,7526530031590.92,105.219,7,0
G11_WRAPPER,gpu_user_annotation,7526527838532.758,41610.074,7,0
G11_ATTN_OUTPUT_PROJECTION,gpu_user_annotation,7526526082176.816,101.602,7,0
G11_ATTN_OUTPUT_PROJECTION,gpu_user_annotation,7526527782780.862,102.819,7,0
G11_ATTN_OUTPUT_PROJECTION,gpu_user_annotation,7526527733474.13,102.563,7,0
G11_ATTN_OUTPUT_PROJECTION,gpu_user_annotation,7526523291927.619,238.051,7,0
G11_BF16_ATTN,gpu_user_annotation,7526523290044.534,1882.191,7,0
G11_BF16_ATTN,gpu_user_annotation,7526525770947.672,1849.358,7,0
G11_QKV_PROJECTION,gpu_user_annotation,7526525854665.925,1600.492,7,0
G11_QKV_PROJECTION,gpu_user_annotation,7526528374321.707,1471.212,7,0
G11_WRAPPER,gpu_user_annotation,7526527491561.335,44458.349,7,0
G11_BF16_ATTN,gpu_user_annotation,7526527486834.071,1894.511,7,0
G11_WRAPPER,gpu_user_annotation,7526525101321.326,14622.275,7,0
G11_QKV_PROJECTION,gpu_user_annotation,7526528228416.405,1601.581,7,0
G11_WRAPPER,gpu_user_annotation,7526527439908.667,46924.19,7,0
G11_QKV_PROJECTION,gpu_user_annotation,7526528175193.263,1602.189,7,0
G11_WRAPPER,gpu_user_annotation,7526530629837.029,19227.14,7,0
G11_WRAPPER,gpu_user_annotation,7526527339152.533,44778.672,7,0
G11_BF16_ATTN,gpu_user_annotation,7526523607268.419,1895.822,7,0
G11_ATTN_OUTPUT_PROJECTION,gpu_user_annotation,7526529134376.582,104.835,7,0
G11_BF16_ATTN,gpu_user_annotation,7526527034349.01,1905.487,7,0
G11_BF16_ATTN,gpu_user_annotation,7526529132036.822,2029.68,7,0
G11_WRAPPER,gpu_user_annotation,7526526768567.881,11356.27,7,0
G11_QKV_PROJECTION,gpu_user_annotation,7526529118398.491,614.726,7,0
G11_WRAPPER,gpu_user_annotation,7526526891002.424,11813.2,7,0
G11_ATTN_OUTPUT_PROJECTION,gpu_user_annotation,7526529114369.791,99.555,7,0
G11_BF16_ATTN,gpu_user_annotation,7526529111743.853,2624.948,7,0
G11_QKV_PROJECTION,gpu_user_annotation,7526524698545.396,1599.853,7,0
G11_WRAPPER,gpu_user_annotation,7526526964970.047,10612.041,7,0
G11_QKV_PROJECTION,gpu_user_annotation,7526529099885.214,1596.876,7,0
G11_QKV_PROJECTION,gpu_user_annotation,7526524832844.69,1602.861,7,0
G11_BF16_ATTN,gpu_user_annotation,7526524750434.478,1845.678,7,0
G11_ATTN_OUTPUT_PROJECTION,gpu_user_annotation,7526529097238.028,102.531,7,0
G11_BF16_ATTN,gpu_user_annotation,7526529094783.132,2144.784,7,0
G11_BF16_ATTN,gpu_user_annotation,7526524827726.576,1848.335,7,0
G11_QKV_PROJECTION,gpu_user_annotation,7526524921333.184,1643.597,7,0
G11_ATTN_OUTPUT_PROJECTION,gpu_user_annotation,7526529037389.882,103.49,7,0
G11_BF16_ATTN,gpu_user_annotation,7526529034934.313,2145.008,7,0
G11_QKV_PROJECTION,gpu_user_annotation,7526529016245.259,1496.012,7,0
G11_ATTN_OUTPUT_PROJECTION,gpu_user_annotation,7526527386006.833,101.89,7,0
G11_ATTN_OUTPUT_PROJECTION,gpu_user_annotation,7526529013597.881,102.947,7,0
G11_BF16_ATTN,gpu_user_annotation,7526527383932.419,1763.95,7,0
G11_QKV_PROJECTION,gpu_user_annotation,7526525944043.544,614.086,7,0
G11_QKV_PROJECTION,gpu_user_annotation,7526528129745.181,1586.413,7,0
G11_ATTN_OUTPUT_PROJECTION,gpu_user_annotation,7526526182539.724,105.218,7,0
G11_QKV_PROJECTION,gpu_user_annotation,7526528997733.071,613.83,7,0
G11_ATTN_OUTPUT_PROJECTION,gpu_user_annotation,7526523879696.904,102.818,7,0
G11_ATTN_OUTPUT_PROJECTION,gpu_user_annotation,7526526337434.195,101.475,7,0
G11_BF16_ATTN,gpu_user_annotation,7526528989930.97,2144.753,7,0
G11_ATTN_OUTPUT_PROJECTION,gpu_user_annotation,7526526416752.419,103.714,7,0
G11_QKV_PROJECTION,gpu_user_annotation,7526527688674.821,1576.909,7,0
G11_ATTN_OUTPUT_PROJECTION,gpu_user_annotation,7526528968507.53,102.051,7,0
G11_WRAPPER,gpu_user_annotation,7526525421425.793,16627.089,7,0
G11_ATTN_OUTPUT_PROJECTION,gpu_user_annotation,7526528953206.755,105.666,7,0
G11_ATTN_OUTPUT_PROJECTION,gpu_user_annotation,7526528929792.261,105.315,7,0
G11_WRAPPER,gpu_user_annotation,7526528373872.968,45551.637,7,0
G11_WRAPPER,gpu_user_annotation,7526529136580.053,18251.9,7,0
G11_QKV_PROJECTION,gpu_user_annotation,7526528911160.424,3058.839,7,0
G11_ATTN_OUTPUT_PROJECTION,gpu_user_annotation,7526528908395.51,103.522,7,0
G11_BF16_ATTN,gpu_user_annotation,7526528905884.836,2200.593,7,0
G11_WRAPPER,gpu_user_annotation,7526529118314.554,13721.15,7,0
G11_QKV_PROJECTION,gpu_user_annotation,7526528892663.755,982.889,7,0
G11_WRAPPER,gpu_user_annotation,7526524832450.416,17055.924,7,0
G11_ATTN_OUTPUT_PROJECTION,gpu_user_annotation,7526524286736.901,102.818,7,0
G11_QKV_PROJECTION,gpu_user_annotation,7526531129665.862,1594.797,7,0
G11_QKV_PROJECTION,gpu_user_annotation,7526528872128.865,922.217,7,0
G11_ATTN_OUTPUT_PROJECTION,gpu_user_annotation,7526531127077.108,102.499,7,0
G11_ATTN_OUTPUT_PROJECTION,gpu_user_annotation,7526528869020.62,104.067,7,0
G11_ATTN_OUTPUT_PROJECTION,gpu_user_annotation,7526524198061.084,101.762,7,0
G11_ATTN_OUTPUT_PROJECTION,gpu_user_annotation,7526531081891.521,103.971,7,0
G11_ATTN_OUTPUT_PROJECTION,gpu_user_annotation,7526528823818.94,105.987,7,0
G11_BF16_ATTN,gpu_user_annotation,7526531079369.616,2210.321,7,0
G11_BF16_ATTN,gpu_user_annotation,7526528821326.379,2144.657,7,0
G11_WRAPPER,gpu_user_annotation,7526532544237.821,60531.874,7,0
G11_WRAPPER,gpu_user_annotation,7526529039635.688,10993.164,7,0
G11_BF16_ATTN,gpu_user_annotation,7526526266180.921,1992.687,7,0
G11_QKV_PROJECTION,gpu_user_annotation,7526531065902.933,1164.97,7,0
G11_QKV_PROJECTION,gpu_user_annotation,7526528803304.946,1583.021,7,0
G11_ATTN_OUTPUT_PROJECTION,gpu_user_annotation,7526526615170.891,104.195,7,0
G11_WRAPPER,gpu_user_annotation,7526531065819.38,13548.83,7,0
G11_WRAPPER,gpu_user_annotation,7526528802855.183,18470.11,7,0
G11_BF16_ATTN,gpu_user_annotation,7526526954457.118,2048.4,7,0
G11_QKV_PROJECTION,gpu_user_annotation,7526527039723.254,1234.827,7,0
G11_ATTN_OUTPUT_PROJECTION,gpu_user_annotation,7526531061772.537,2605.94,7,0
G11_ATTN_OUTPUT_PROJECTION,gpu_user_annotation,7526528800693.057,104.546,7,0
G11_BF16_ATTN,gpu_user_annotation,7526531059937.772,1833.807,7,0
G11_BF16_ATTN,gpu_user_annotation,7526528798195.92,2149.84,7,0
G11_WRAPPER,gpu_user_annotation,7526527388880.196,46043.032,7,0
G11_BF16_ATTN,gpu_user_annotation,7526526494971.211,2007.312,7,0
G11_ATTN_OUTPUT_PROJECTION,gpu_user_annotation,7526524752626.813,100.962,7,0
G11_ATTN_OUTPUT_PROJECTION,gpu_user_annotation,7526531012868.013,103.075,7,0
G11_ATTN_OUTPUT_PROJECTION,gpu_user_annotation,7526528755325.007,103.971,7,0
G11_BF16_ATTN,gpu_user_annotation,7526530420881.754,2253.138,7,0
G11_BF16_ATTN,gpu_user_annotation,7526526036570.048,1898.414,7,0
G11_WRAPPER,gpu_user_annotation,7526529054989.616,18594.847,7,0
G11_QKV_PROJECTION,gpu_user_annotation,7526526122732.99,1944.334,7,0
G11_ATTN_OUTPUT_PROJECTION,gpu_user_annotation,7526526816921.803,100.29,7,0
G11_QKV_PROJECTION,gpu_user_annotation,7526527939667.615,1581.58,7,0
G11_BF16_ATTN,gpu_user_annotation,7526530278989.591,2206.801,7,0
G11_BF16_ATTN,gpu_user_annotation,7526527181665.937,1848.399,7,0
G11_QKV_PROJECTION,gpu_user_annotation,7526526022796.996,616.742,7,0
G11_BF16_ATTN,gpu_user_annotation,7526528223254.899,1887.182,7,0
G11_WRAPPER,gpu_user_annotation,7526525180654.462,18429.245,7,0
G11_WRAPPER,gpu_user_annotation,7526524877135.545,17276.853,7,0
G11_BF16_ATTN,gpu_user_annotation,7526531124558.915,2151.472,7,0
G11_BF16_ATTN,gpu_user_annotation,7526528866468.379,2205.361,7,0
G11_ATTN_OUTPUT_PROJECTION,gpu_user_annotation,7526526018763.721,103.715,7,0
G11_BF16_ATTN,gpu_user_annotation,7526527934548.732,1846.382,7,0
G11_QKV_PROJECTION,gpu_user_annotation,7526526005654.002,1601.997,7,0
G11_WRAPPER,gpu_user_annotation,7526529962627.059,18302.335,7,0
G11_WRAPPER,gpu_user_annotation,7526525161071.548,14857.477,7,0
G11_QKV_PROJECTION,gpu_user_annotation,7526528275515.859,1399.403,7,0
G11_ATTN_OUTPUT_PROJECTION,gpu_user_annotation,7526529272265.061,102.403,7,0
G11_BF16_ATTN,gpu_user_annotation,7526525999446.281,1914.574,7,0
G11_ATTN_OUTPUT_PROJECTION,gpu_user_annotation,7526530250739.927,101.795,7,0
G11_QKV_PROJECTION,gpu_user_annotation,7526526084778.465,1580.748,7,0
G11_QKV_PROJECTION,gpu_user_annotation,7526528481738.27,1619.373,7,0
G11_WRAPPER,gpu_user_annotation,7526532339610.369,49798.519,7,0
G11_BF16_ATTN,gpu_user_annotation,7526525899443.759,2165.328,7,0
G11_WRAPPER,gpu_user_annotation,7526525983213.661,16231.438,7,0
G11_BF16_ATTN,gpu_user_annotation,7526529829703.853,2152.337,7,0
G11_BF16_ATTN,gpu_user_annotation,7526531010361.116,2197.041,7,0
G11_BF16_ATTN,gpu_user_annotation,7526528752869.151,2144.465,7,0
G11_ATTN_OUTPUT_PROJECTION,gpu_user_annotation,7526525980593.547,104.675,7,0
G11_BF16_ATTN,gpu_user_annotation,7526525979051.649,1540.748,7,0
G11_QKV_PROJECTION,gpu_user_annotation,7526526064063.415,1579.884,7,0
G11_WRAPPER,gpu_user_annotation,7526525225382.376,10426.599,7,0
G11_WRAPPER,gpu_user_annotation,7526529498241.284,15274.345,7,0
G11_QKV_PROJECTION,gpu_user_annotation,7526525962144.784,1893.679,7,0
G11_WRAPPER,gpu_user_annotation,7526525120474.605,20615.724,7,0
G11_BF16_ATTN,gpu_user_annotation,7526525957319.216,1857.455,7,0
G11_QKV_PROJECTION,gpu_user_annotation,7526526045583.292,2630.899,7,0
G11_WRAPPER,gpu_user_annotation,7526525203808.44,16849.554,7,0
G11_ATTN_OUTPUT_PROJECTION,gpu_user_annotation,7526529879949.154,100.387,7,0
G11_ATTN_OUTPUT_PROJECTION,gpu_user_annotation,7526525922662.058,103.458,7,0
G11_QKV_PROJECTION,gpu_user_annotation,7526525904878.515,1959.951,7,0
G11_WRAPPER,gpu_user_annotation,7526529078260.396,16521.521,7,0
G11_WRAPPER,gpu_user_annotation,7526525063651.475,15918.028,7,0
G11_QKV_PROJECTION,gpu_user_annotation,7526525881895.226,2064.656,7,0
G11_WRAPPER,gpu_user_annotation,7526525042254.405,16991.539,7,0
G11_ATTN_OUTPUT_PROJECTION,gpu_user_annotation,7526525872988.351,101.571,7,0
G11_ATTN_OUTPUT_PROJECTION,gpu_user_annotation,7526525851694.385,104.739,7,0
G11_ATTN_OUTPUT_PROJECTION,gpu_user_annotation,7526528371016.821,101.507,7,0
G11_BF16_ATTN,gpu_user_annotation,7526525849532.547,1851.63,7,0
G11_WRAPPER,gpu_user_annotation,7526530316199.636,13806.751,7,0
G11_WRAPPER,gpu_user_annotation,7526525832967.796,16562.929,7,0
G11_ATTN_OUTPUT_PROJECTION,gpu_user_annotation,7526523465641.885,368.324,7,0
G11_QKV_PROJECTION,gpu_user_annotation,7526525815846.05,2161.137,7,0
G11_ATTN_OUTPUT_PROJECTION,gpu_user_annotation,7526529905213.39,101.602,7,0
G11_WRAPPER,gpu_user_annotation,7526524853874.271,17480.982,7,0
G11_BF16_ATTN,gpu_user_annotation,7526529902701.597,2145.136,7,0
G11_QKV_PROJECTION,gpu_user_annotation,7526529883467.034,1944.303,7,0
G11_QKV_PROJECTION,gpu_user_annotation,7526529859254.454,1945.903,7,0
G11_BF16_ATTN,gpu_user_annotation,7526526059268.183,1843.79,7,0
G11_BF16_ATTN,gpu_user_annotation,7526529011141.513,2146.512,7,0
G11_QKV_PROJECTION,gpu_user_annotation,7526526145707.127,1632.588,7,0
G11_ATTN_OUTPUT_PROJECTION,gpu_user_annotation,7526529808080.986,101.891,7,0
G11_WRAPPER,gpu_user_annotation,7526526203218.71,18237.563,7,0
G11_WRAPPER,gpu_user_annotation,7526529785703.299,19913.193,7,0
G11_BF16_ATTN,gpu_user_annotation,7526529781053.859,2143.729,7,0
G11_WRAPPER,gpu_user_annotation,7526526440327.424,11605.871,7,0
G11_QKV_PROJECTION,gpu_user_annotation,7526529765819.228,613.126,7,0
G11_QKV_PROJECTION,gpu_user_annotation,7526524877530.716,1583.628,7,0
G11_BF16_ATTN,gpu_user_annotation,7526523740806.612,1408.075,7,0
G11_ATTN_OUTPUT_PROJECTION,gpu_user_annotation,7526529761695.807,101.155,7,0
G11_ATTN_OUTPUT_PROJECTION,gpu_user_annotation,7526526724635.941,103.49,7,0
G11_ATTN_OUTPUT_PROJECTION,gpu_user_annotation,7526529699503.129,101.027,7,0
G11_BF16_ATTN,gpu_user_annotation,7526526722972.921,1661.998,7,0
G11_BF16_ATTN,gpu_user_annotation,7526529695717.792,2296.369,7,0
G11_BF16_ATTN,gpu_user_annotation,7526525807022.6,5137.156,7,0
G11_WRAPPER,gpu_user_annotation,7526530462257.523,19000.483,7,0
G11_QKV_PROJECTION,gpu_user_annotation,7526527736432.454,1611.501,7,0
G11_BF16_ATTN,gpu_user_annotation,7526525791294.783,1905.583,7,0
G11_QKV_PROJECTION,gpu_user_annotation,7526524506654.767,1906.127,7,0
G11_QKV_PROJECTION,gpu_user_annotation,7526525775751.416,1905.486,7,0
G11_QKV_PROJECTION,gpu_user_annotation,7526530832928.647,3148.344,7,0
G11_QKV_PROJECTION,gpu_user_annotation,7526528587450.725,1405.068,7,0
G11_QKV_PROJECTION,gpu_user_annotation,7526527635836.514,1892.206,7,0
G11_WRAPPER,gpu_user_annotation,7526525775316.981,15975.948,7,0
G11_WRAPPER,gpu_user_annotation,7526530832844.679,15380.81,7,0
G11_WRAPPER,gpu_user_annotation,7526528587015.107,17269.814,7,0
G11_QKV_PROJECTION,gpu_user_annotation,7526527339743.705,2171.921,7,0
G11_QKV_PROJECTION,gpu_user_annotation,7526523745834.421,1599.596,7,0
G11_QKV_PROJECTION,gpu_user_annotation,7526525754368.906,1581.58,7,0
G11_BF16_ATTN,gpu_user_annotation,7526525672531.017,1849.838,7,0
G11_BF16_ATTN,gpu_user_annotation,7526525749199.207,1901.551,7,0
G11_QKV_PROJECTION,gpu_user_annotation,7526525833361.367,1748.558,7,0
G11_BF16_ATTN,gpu_user_annotation,7526525655934.842,1548.94,7,0
G11_QKV_PROJECTION,gpu_user_annotation,7526525716568.814,615.11,7,0
G11_BF16_ATTN,gpu_user_annotation,7526525637251.71,3027.382,7,0
G11_BF16_ATTN,gpu_user_annotation,7526523515672.166,2587.86,7,0
G11_WRAPPER,gpu_user_annotation,7526530335155.796,9925.382,7,0
G11_BF16_ATTN,gpu_user_annotation,7526525710852.744,1552.812,7,0
G11_QKV_PROJECTION,gpu_user_annotation,7526525796659.075,1228.586,7,0
G11_QKV_PROJECTION,gpu_user_annotation,7526525698961.625,1581.612,7,0
G11_BF16_ATTN,gpu_user_annotation,7526525617175.8,1849.486,7,0
G11_WRAPPER,gpu_user_annotation,7526525698511.094,12339.828,7,0
G11_ATTN_OUTPUT_PROJECTION,gpu_user_annotation,7526527835716.739,103.747,7,0
G11_QKV_PROJECTION,gpu_user_annotation,7526525677351.273,1589.132,7,0
G11_BF16_ATTN,gpu_user_annotation,7526525595522.408,1850.478,7,0
G11_WRAPPER,gpu_user_annotation,7526525676896.262,17259.444,7,0
G11_ATTN_OUTPUT_PROJECTION,gpu_user_annotation,7526524064687.82,102.242,7,0
G11_ATTN_OUTPUT_PROJECTION,gpu_user_annotation,7526529935729.437,102.083,7,0
G11_WRAPPER,gpu_user_annotation,7526527884872.366,49674.32,7,0
G11_QKV_PROJECTION,gpu_user_annotation,7526525661649.76,613.222,7,0
G11_BF16_ATTN,gpu_user_annotation,7526529473996.351,1834.958,7,0
G11_WRAPPER,gpu_user_annotation,7526525661567.615,10961.58,7,0
G11_QKV_PROJECTION,gpu_user_annotation,7526525642311.583,1597.421,7,0
G11_BF16_ATTN,gpu_user_annotation,7526530848226.703,2144.528,7,0
G11_BF16_ATTN,gpu_user_annotation,7526528604286.999,2143.376,7,0
G11_BF16_ATTN,gpu_user_annotation,7526525552125.191,1845.678,7,0
G11_ATTN_OUTPUT_PROJECTION,gpu_user_annotation,7526528080029.615,102.178,7,0
G11_BF16_ATTN,gpu_user_annotation,7526525536150.429,1876.398,7,0
G11_WRAPPER,gpu_user_annotation,7526525621586.837,15663.051,7,0
G11_QKV_PROJECTION,gpu_user_annotation,7526525600648.042,1598.381,7,0
G11_WRAPPER,gpu_user_annotation,7526525600245.607,16928.467,7,0
G11_QKV_PROJECTION,gpu_user_annotation,7526526655653.433,1953.551,7,0
G11_ATTN_OUTPUT_PROJECTION,gpu_user_annotation,7526525118261.375,103.715,7,0
G11_ATTN_OUTPUT_PROJECTION,gpu_user_annotation,7526525830447.46,100.578,7,0
G11_BF16_ATTN,gpu_user_annotation,7526525115944.943,2006.384,7,0
G11_QKV_PROJECTION,gpu_user_annotation,7526524157766.802,1596.781,7,0
G11_QKV_PROJECTION,gpu_user_annotation,7526525204201.819,1602.349,7,0
G11_WRAPPER,gpu_user_annotation,7526525926482.531,11083.276,7,0
G11_BF16_ATTN,gpu_user_annotation,7526530232656.733,1933.615,7,0
G11_QKV_PROJECTION,gpu_user_annotation,7526525101405.263,3112.086,7,0
G11_BF16_ATTN,gpu_user_annotation,7526525015954.934,1850.958,7,0
G11_WRAPPER,gpu_user_annotation,7526528174798.572,48454.633,7,0
G11_ATTN_OUTPUT_PROJECTION,gpu_user_annotation,7526525814232.152,101.826,7,0
G11_BF16_ATTN,gpu_user_annotation,7526525095800.041,1535.404,7,0
G11_QKV_PROJECTION,gpu_user_annotation,7526525181102.625,7525.172,7,0
G11_WRAPPER,gpu_user_annotation,7526525904794.962,15602.314,7,0
G11_QKV_PROJECTION,gpu_user_annotation,7526529835129.874,1582.637,7,0
G11_BF16_ATTN,gpu_user_annotation,7526524996399.475,2348.082,7,0
G11_BF16_ATTN,gpu_user_annotation,7526529513517.931,2207.697,7,0
G11_ATTN_OUTPUT_PROJECTION,gpu_user_annotation,7526525793546.798,100.803,7,0
G11_BF16_ATTN,gpu_user_annotation,7526531101873.481,2146.256,7,0
G11_BF16_ATTN,gpu_user_annotation,7526528843997.988,2143.088,7,0
G11_BF16_ATTN,gpu_user_annotation,7526525079570.685,1906.223,7,0
G11_BF16_ATTN,gpu_user_annotation,7526526687454.093,2178.225,7,0
G11_QKV_PROJECTION,gpu_user_annotation,7526529963507.929,3013.015,7,0
G11_QKV_PROJECTION,gpu_user_annotation,7526525161155.516,3061.111,7,0
G11_WRAPPER,gpu_user_annotation,7526525881443.063,17999.482,7,0
G11_QKV_PROJECTION,gpu_user_annotation,7526525064044.246,1583.437,7,0
G11_QKV_PROJECTION,gpu_user_annotation,7526529078692.463,1405.196,7,0
G11_BF16_ATTN,gpu_user_annotation,7526524980622.859,3044.566,7,0
G11_WRAPPER,gpu_user_annotation,7526530922469.735,17329.912,7,0
G11_WRAPPER,gpu_user_annotation,7526528669845.648,19119.107,7,0
G11_BF16_ATTN,gpu_user_annotation,7526530917651.622,2144.881,7,0
G11_BF16_ATTN,gpu_user_annotation,7526528665334.034,2209.104,7,0
G11_ATTN_OUTPUT_PROJECTION,gpu_user_annotation,7526530873838.749,101.378,7,0
G11_ATTN_OUTPUT_PROJECTION,gpu_user_annotation,7526528630164.869,103.555,7,0
G11_ATTN_OUTPUT_PROJECTION,gpu_user_annotation,7526525337981.301,100.835,7,0
G11_BF16_ATTN,gpu_user_annotation,7526530330021.681,2276.53,7,0
G11_BF16_ATTN,gpu_user_annotation,7526530871348.3,2143.376,7,0
G11_BF16_ATTN,gpu_user_annotation,7526528627666.74,2186.897,7,0
G11_QKV_PROJECTION,gpu_user_annotation,7526525421822.019,1949.487,7,0
G11_BF16_ATTN,gpu_user_annotation,7526525335654.15,1999.759,7,0
G11_WRAPPER,gpu_user_annotation,7526524698460.852,11056.812,7,0
G11_WRAPPER,gpu_user_annotation,7526530852585.1,18761.218,7,0
G11_WRAPPER,gpu_user_annotation,7526528609264.216,18401.374,7,0
G11_WRAPPER,gpu_user_annotation,7526525556643.461,15741.355,7,0
G11_ATTN_OUTPUT_PROJECTION,gpu_user_annotation,7526526672315.176,101.795,7,0
G11_WRAPPER,gpu_user_annotation,7526529175862.429,16666.866,7,0
G11_QKV_PROJECTION,gpu_user_annotation,7526528956059.35,1461.676,7,0
G11_WRAPPER,gpu_user_annotation,7526528082595.136,42012.765,7,0
G11_WRAPPER,gpu_user_annotation,7526527635380.894,48062.246,7,0
G11_BF16_ATTN,gpu_user_annotation,7526529171132.189,2175.793,7,0
G11_BF16_ATTN,gpu_user_annotation,7526525416677.441,1865.359,7,0
G11_QKV_PROJECTION,gpu_user_annotation,7526525499286.727,1646.381,7,0
G11_WRAPPER,gpu_user_annotation,7526530349956.217,10842.731,7,0
G11_WRAPPER,gpu_user_annotation,7526531083781.518,18090.813,7,0
G11_WRAPPER,gpu_user_annotation,7526528825675.049,18321.725,7,0
G11_BF16_ATTN,gpu_user_annotation,7526526761950.493,2029.712,7,0
G11_QKV_PROJECTION,gpu_user_annotation,7526526838997.374,2315.889,7,0
G11_ATTN_OUTPUT_PROJECTION,gpu_user_annotation,7526525751411.286,102.21,7,0
G11_BF16_ATTN,gpu_user_annotation,7526525037889.672,1856.974,7,0
G11_QKV_PROJECTION,gpu_user_annotation,7526525120910.128,1595.149,7,0
G11_BF16_ATTN,gpu_user_annotation,7526525828254.645,1844.047,7,0
G11_QKV_PROJECTION,gpu_user_annotation,7526528531719.822,1944.816,7,0
G11_BF16_ATTN,gpu_user_annotation,7526527780584.303,1849.327,7,0
G11_ATTN_OUTPUT_PROJECTION,gpu_user_annotation,7526526164952.567,102.242,7,0
G11_BF16_ATTN,gpu_user_annotation,7526528526594.252,1854.35,7,0
G11_ATTN_OUTPUT_PROJECTION,gpu_user_annotation,7526526248022.752,101.186,7,0
G11_BF16_ATTN,gpu_user_annotation,7526523559424.647,1869.519,7,0
G11_QKV_PROJECTION,gpu_user_annotation,7526527838981.305,1583.404,7,0
G11_WRAPPER,gpu_user_annotation,7526528531327.308,41211.671,7,0
G11_QKV_PROJECTION,gpu_user_annotation,7526524776668.349,1602.54,7,0
G11_BF16_ATTN,gpu_user_annotation,7526524693176.721,1915.887,7,0
G11_WRAPPER,gpu_user_annotation,7526527039639.51,10212.454,7,0
G11_BF16_ATTN,gpu_user_annotation,7526527434924.986,3028.694,7,0
G11_QKV_PROJECTION,gpu_user_annotation,7526524332788.692,1637.261,7,0
G11_WRAPPER,gpu_user_annotation,7526528481287.995,45304.371,7,0
G11_WRAPPER,gpu_user_annotation,7526525716485.965,10933.451,7,0
G11_ATTN_OUTPUT_PROJECTION,gpu_user_annotation,7526523379309.507,215.363,7,0
G11_ATTN_OUTPUT_PROJECTION,gpu_user_annotation,7526530140306.154,101.251,7,0
G11_BF16_ATTN,gpu_user_annotation,7526530138005.818,2299.282,7,0
G11_WRAPPER,gpu_user_annotation,7526525362479.864,12004.85,7,0
G11_BF16_ATTN,gpu_user_annotation,7526527833208.498,2141.968,7,0
G11_ATTN_OUTPUT_PROJECTION,gpu_user_annotation,7526529400463.915,102.947,7,0
G11_WRAPPER,gpu_user_annotation,7526528997650.318,13489.949,7,0
G11_QKV_PROJECTION,gpu_user_annotation,7526531015157.245,1952.719,7,0
G11_QKV_PROJECTION,gpu_user_annotation,7526528757975.041,3859.292,7,0
G11_ATTN_OUTPUT_PROJECTION,gpu_user_annotation,7526527015683.956,100.451,7,0
G11_BF16_ATTN,gpu_user_annotation,7526528572540.193,1855.694,7,0
G11_QKV_PROJECTION,gpu_user_annotation,7526523657174.796,1580.364,7,0
G11_ATTN_OUTPUT_PROJECTION,gpu_user_annotation,7526530897612.606,101.827,7,0
G11_ATTN_OUTPUT_PROJECTION,gpu_user_annotation,7526528648965.059,99.683,7,0
G11_BF16_ATTN,gpu_user_annotation,7526530345137.016,2240.497,7,0
G11_QKV_PROJECTION,gpu_user_annotation,7526531084655.828,3065.591,7,0
G11_QKV_PROJECTION,gpu_user_annotation,7526528826068.683,1873.679,7,0
G11_QKV_PROJECTION,gpu_user_annotation,7526525520615.381,1635.149,7,0
G11_ATTN_OUTPUT_PROJECTION,gpu_user_annotation,7526528225452.225,101.827,7,0
G11_BF16_ATTN,gpu_user_annotation,7526530895099.757,2202.705,7,0
G11_BF16_ATTN,gpu_user_annotation,7526528647128.023,1835.886,7,0
G11_BF16_ATTN,gpu_user_annotation,7526524894413.484,1850.095,7,0
G11_QKV_PROJECTION,gpu_user_annotation,7526529723645.533,2485.299,7,0
G11_ATTN_OUTPUT_PROJECTION,gpu_user_annotation,7526524503550.619,101.347,7,0
G11_QKV_PROJECTION,gpu_user_annotation,7526523384753.351,1661.677,7,0
G11_BF16_ATTN,gpu_user_annotation,7526526867322.266,2031.248,7,0
G11_QKV_PROJECTION,gpu_user_annotation,7526526944102.009,2276.882,7,0
G11_QKV_PROJECTION,gpu_user_annotation,7526529535647.521,3815.676,7,0
G11_WRAPPER,gpu_user_annotation,7526532078637.921,49446.965,7,0
G11_QKV_PROJECTION,gpu_user_annotation,7526529913589.351,1951.855,7,0
G11_ATTN_OUTPUT_PROJECTION,gpu_user_annotation,7526523835213.41,104.419,7,0
G11_QKV_PROJECTION,gpu_user_annotation,7526524854322.593,1583.309,7,0
G11_BF16_ATTN,gpu_user_annotation,7526524771867.036,1848.783,7,0
G11_BF16_ATTN,gpu_user_annotation,7526529530400.062,2225.233,7,0
G11_ATTN_OUTPUT_PROJECTION,gpu_user_annotation,7526524794367.57,103.747,7,0
G11_ATTN_OUTPUT_PROJECTION,gpu_user_annotation,7526523742561.407,104.739,7,0
G11_WRAPPER,gpu_user_annotation,7526528892579.787,13303.804,7,0
G11_QKV_PROJECTION,gpu_user_annotation,7526530900375.281,3065.655,7,0
G11_QKV_PROJECTION,gpu_user_annotation,7526528652997.759,1103.977,7,0
G11_WRAPPER,gpu_user_annotation,7526529858861.267,19250.245,7,0
G11_ATTN_OUTPUT_PROJECTION,gpu_user_annotation,7526524774026.347,100.45,7,0
G11_ATTN_OUTPUT_PROJECTION,gpu_user_annotation,7526529532934.799,101.955,7,0
G11_BF16_ATTN,gpu_user_annotation,7526526016430.81,2331.729,7,0
G11_ATTN_OUTPUT_PROJECTION,gpu_user_annotation,7526527633222,102.627,7,0
G11_ATTN_OUTPUT_PROJECTION,gpu_user_annotation,7526525773106.662,100.611,7,0
G11_ATTN_OUTPUT_PROJECTION,gpu_user_annotation,7526525901975.232,104.003,7,0
G11_BF16_ATTN,gpu_user_annotation,7526530296496.11,1923.439,7,0
G11_QKV_PROJECTION,gpu_user_annotation,7526524067852.385,2439.89,7,0
G11_BF16_ATTN,gpu_user_annotation,7526529854496.341,2153.265,7,0
G11_QKV_PROJECTION,gpu_user_annotation,7526525577274.35,5508.999,7,0
G11_BF16_ATTN,gpu_user_annotation,7526525494491.048,1898.094,7,0
G11_ATTN_OUTPUT_PROJECTION,gpu_user_annotation,7526528992443.595,104.835,7,0
G11_ATTN_OUTPUT_PROJECTION,gpu_user_annotation,7526527686046.004,103.458,7,0
G11_QKV_PROJECTION,gpu_user_annotation,7526524814462.68,3087.639,7,0
G11_BF16_ATTN,gpu_user_annotation,7526524728486.94,1910.766,7,0
G11_WRAPPER,gpu_user_annotation,7526524776237.402,15846.507,7,0
G11_WRAPPER,gpu_user_annotation,7526529535210.654,18952.195,7,0
G11_QKV_PROJECTION,gpu_user_annotation,7526524289846.841,1907.151,7,0
G11_WRAPPER,gpu_user_annotation,7526529426689.341,26466.135,7,0
G11_BF16_ATTN,gpu_user_annotation,7526529759066.478,2628.372,7,0
G11_QKV_PROJECTION,gpu_user_annotation,7526524733312.924,1637.869,7,0
G11_QKV_PROJECTION,gpu_user_annotation,7526530852977.775,1748.75,7,0
G11_QKV_PROJECTION,gpu_user_annotation,7526528609690.011,1594.893,7,0
G11_BF16_ATTN,gpu_user_annotation,7526525472903.127,1846.478,7,0
G11_BF16_ATTN,gpu_user_annotation,7526524110328.985,1444.748,7,0
G11_ATTN_OUTPUT_PROJECTION,gpu_user_annotation,7526527335076.378,104.674,7,0
G11_QKV_PROJECTION,gpu_user_annotation,7526524797829.001,925.416,7,0
G11_BF16_ATTN,gpu_user_annotation,7526527536021.57,2194.641,7,0
G11_BF16_ATTN,gpu_user_annotation,7526530005409.014,2154.001,7,0
G11_WRAPPER,gpu_user_annotation,7526529197244.397,21601.872,7,0
G11_WRAPPER,gpu_user_annotation,7526527054340.6,16246.608,7,0
G11_WRAPPER,gpu_user_annotation,7526525241297.746,13410.043,7,0
G11_WRAPPER,gpu_user_annotation,7526527132483.974,49180.813,7,0
G11_ATTN_OUTPUT_PROJECTION,gpu_user_annotation,7526529358022.059,101.603,7,0
G11_QKV_PROJECTION,gpu_user_annotation,7526523838486.168,1596.556,7,0
G11_ATTN_OUTPUT_PROJECTION,gpu_user_annotation,7526524730708.011,103.202,7,0
G11_ATTN_OUTPUT_PROJECTION,gpu_user_annotation,7526524241720.06,100.866,7,0
G11_WRAPPER,gpu_user_annotation,7526532291281.685,46083.038,7,0
G11_BF16_ATTN,gpu_user_annotation,7526524240619.412,1099.274,7,0
G11_ATTN_OUTPUT_PROJECTION,gpu_user_annotation,7526530920143.895,101.795,7,0
G11_ATTN_OUTPUT_PROJECTION,gpu_user_annotation,7526528667544.096,102.083,7,0
G11_QKV_PROJECTION,gpu_user_annotation,7526523791881.764,614.279,7,0
G11_WRAPPER,gpu_user_annotation,7526532442875.557,44719.029,7,0
G11_WRAPPER,gpu_user_annotation,7526524755151.821,16713.905,7,0
G11_BF16_ATTN,gpu_user_annotation,7526527731281.732,1880.718,7,0
G11_QKV_PROJECTION,gpu_user_annotation,7526525477701.463,1593.709,7,0
G11_BF16_ATTN,gpu_user_annotation,7526525394576.302,1863.406,7,0
G11_QKV_PROJECTION,gpu_user_annotation,7526529312892.441,1947.247,7,0
G11_QKV_PROJECTION,gpu_user_annotation,7526524715875.816,618.822,7,0
G11_BF16_ATTN,gpu_user_annotation,7526524327619.57,1443.372,7,0
G11_QKV_PROJECTION,gpu_user_annotation,7526527541189.189,1602.829,7,0
G11_BF16_ATTN,gpu_user_annotation,7526525694157.593,1848.814,7,0
G11_QKV_PROJECTION,gpu_user_annotation,7526530010516.697,1594.285,7,0
G11_BF16_ATTN,gpu_user_annotation,7526528950707.346,2151.761,7,0
G11_WRAPPER,gpu_user_annotation,7526526982603.83,11404.59,7,0
G11_QKV_PROJECTION,gpu_user_annotation,7526529176295.552,3812.188,7,0
G11_BF16_ATTN,gpu_user_annotation,7526525727421.142,1866.094,7,0
G11_BF16_ATTN,gpu_user_annotation,7526529741189.589,1834.862,7,0
G11_WRAPPER,gpu_user_annotation,7526524814378.103,13347.227,7,0
G11_QKV_PROJECTION,gpu_user_annotation,7526525541477.728,1590.093,7,0
G11_WRAPPER,gpu_user_annotation,7526530395752.944,9995.045,7,0
G11_BF16_ATTN,gpu_user_annotation,7526525457867.795,1537.901,7,0
G11_WRAPPER,gpu_user_annotation,7526529745099.055,13965.857,7,0
G11_WRAPPER,gpu_user_annotation,7526525731802.963,17394.39,7,0
G11_BF16_ATTN,gpu_user_annotation,7526524062208.283,1531.085,7,0
G11_ATTN_OUTPUT_PROJECTION,gpu_user_annotation,7526529310305.703,101.571,7,0
G11_ATTN_OUTPUT_PROJECTION,gpu_user_annotation,7526524711848.749,100.675,7,0
G11_WRAPPER,gpu_user_annotation,7526524732902.745,17530.519,7,0
G11_QKV_PROJECTION,gpu_user_annotation,7526525461519.212,1089.193,7,0
G11_WRAPPER,gpu_user_annotation,7526530508741.999,18106.141,7,0
G11_WRAPPER,gpu_user_annotation,7526525753918.47,17027.412,7,0
G11_BF16_ATTN,gpu_user_annotation,7526529050630.291,2146.192,7,0
G11_QKV_PROJECTION,gpu_user_annotation,7526523567181.978,613.03,7,0
G11_BF16_ATTN,gpu_user_annotation,7526525275620.598,1537.932,7,0
G11_ATTN_OUTPUT_PROJECTION,gpu_user_annotation,7526523204225.632,133.923,7,0
G11_WRAPPER,gpu_user_annotation,7526531014762.874,18946.21,7,0
G11_WRAPPER,gpu_user_annotation,7526528757542.75,17464.248,7,0
G11_ATTN_OUTPUT_PROJECTION,gpu_user_annotation,7526526038778.639,103.554,7,0
G11_WRAPPER,gpu_user_annotation,7526530990806.807,19242.244,7,0
G11_WRAPPER,gpu_user_annotation,7526528733005.081,19862.856,7,0
G11_ATTN_OUTPUT_PROJECTION,gpu_user_annotation,7526524962489.33,104.387,7,0
G11_QKV_PROJECTION,gpu_user_annotation,7526525399405.518,1582.413,7,0
G11_BF16_ATTN,gpu_user_annotation,7526525314776.667,1902.414,7,0
G11_WRAPPER,gpu_user_annotation,7526524650749.783,42425.756,7,0
G11_WRAPPER,gpu_user_annotation,7526528955060.527,11298.574,7,0
G11_ATTN_OUTPUT_PROJECTION,gpu_user_annotation,7526525939907.324,102.275,7,0
G11_ATTN_OUTPUT_PROJECTION,gpu_user_annotation,7526528126823.082,102.178,7,0
G11_QKV_PROJECTION,gpu_user_annotation,7526530967883.771,1596.013,7,0
G11_QKV_PROJECTION,gpu_user_annotation,7526528716679.243,617.83,7,0
G11_QKV_PROJECTION,gpu_user_annotation,7526523137589.385,1960.719,7,0
G11_BF16_ATTN,gpu_user_annotation,7526525294114.321,1848.046,7,0
G11_WRAPPER,gpu_user_annotation,7526531650276.836,46615.49,7,0
G11_WRAPPER,gpu_user_annotation,7526524797744.105,11108.076,7,0
G11_ATTN_OUTPUT_PROJECTION,gpu_user_annotation,7526530281197.318,102.147,7,0
G11_ATTN_OUTPUT_PROJECTION,gpu_user_annotation,7526527183825.28,102.051,7,0
G11_WRAPPER,gpu_user_annotation,7526527018189.317,16157.871,7,0
G11_WRAPPER,gpu_user_annotation,7526529883073.752,19625.671,7,0
G11_BF16_ATTN,gpu_user_annotation,7526524012318.866,1711.438,7,0
G11_BF16_ATTN,gpu_user_annotation,7526529718649.595,2202.257,7,0
G11_ATTN_OUTPUT_PROJECTION,gpu_user_annotation,7526524695437.344,102.818,7,0
G11_BF16_ATTN,gpu_user_annotation,7526523202459.605,1765.005,7,0
G11_WRAPPER,gpu_user_annotation,7526531106521.001,18036.732,7,0
G11_WRAPPER,gpu_user_annotation,7526525084837.92,10961.035,7,0
G11_WRAPPER,gpu_user_annotation,7526528848702.084,17764.441,7,0
G11_BF16_ATTN,gpu_user_annotation,7526526548468.015,1846.799,7,0
G11_ATTN_OUTPUT_PROJECTION,gpu_user_annotation,7526525099782.212,103.811,7,0
G11_QKV_PROJECTION,gpu_user_annotation,7526526633414.533,1584.077,7,0
G11_QKV_PROJECTION,gpu_user_annotation,7526523208565.725,1950.671,7,0
G11_ATTN_OUTPUT_PROJECTION,gpu_user_annotation,7526531150683.796,104.515,7,0
G11_QKV_PROJECTION,gpu_user_annotation,7526525621981.624,1940.815,7,0
G11_ATTN_OUTPUT_PROJECTION,gpu_user_annotation,7526528888632.752,101.827,7,0
G11_BF16_ATTN,gpu_user_annotation,7526525374486.504,2223.185,7,0
G11_BF16_ATTN,gpu_user_annotation,7526530202374.159,2239.473,7,0
G11_WRAPPER,gpu_user_annotation,7526526377896.768,16872.211,7,0
G11_ATTN_OUTPUT_PROJECTION,gpu_user_annotation,7526525475115.046,102.051,7,0
G11_ATTN_OUTPUT_PROJECTION,gpu_user_annotation,7526524113262.381,101.666,7,0
G11_QKV_PROJECTION,gpu_user_annotation,7526530316545.878,1755.886,7,0
G11_WRAPPER,gpu_user_annotation,7526529159585.36,11545.551,7,0
G11_BF16_ATTN,gpu_user_annotation,7526525920398.458,1918.255,7,0
G11_QKV_PROJECTION,gpu_user_annotation,7526528932408.215,1891.951,7,0
G11_ATTN_OUTPUT_PROJECTION,gpu_user_annotation,7526530007872.647,103.266,7,0
G11_ATTN_OUTPUT_PROJECTION,gpu_user_annotation,7526527538525.779,100.898,7,0
G11_ATTN_OUTPUT_PROJECTION,gpu_user_annotation,7526526001707.256,103.746,7,0
G11_WRAPPER,gpu_user_annotation,7526525340174.916,17919.417,7,0
G11_WRAPPER,gpu_user_annotation,7526525399319.501,17356.15,7,0
G11_ATTN_OUTPUT_PROJECTION,gpu_user_annotation,7526529832204.542,104.035,7,0
G11_BF16_ATTN,gpu_user_annotation,7526526291789.603,1850.126,7,0
G11_QKV_PROJECTION,gpu_user_annotation,7526526377983.201,1887.63,7,0
G11_ATTN_OUTPUT_PROJECTION,gpu_user_annotation,7526524918422.413,104.834,7,0
G11_WRAPPER,gpu_user_annotation,7526530875994.092,19104.067,7,0
G11_BF16_ATTN,gpu_user_annotation,7526525515507.988,1845.486,7,0
G11_WRAPPER,gpu_user_annotation,7526528632377.108,14749.797,7,0
G11_BF16_ATTN,gpu_user_annotation,7526524456874.887,1767.694,7,0
G11_BF16_ATTN,gpu_user_annotation,7526526161450.016,2014.511,7,0
G11_QKV_PROJECTION,gpu_user_annotation,7526526250968.339,1605.325,7,0
G11_QKV_PROJECTION,gpu_user_annotation,7526525362933.243,2441.491,7,0
G11_QKV_PROJECTION,gpu_user_annotation,7526524755238.862,1584.109,7,0
G11_BF16_ATTN,gpu_user_annotation,7526529073585.837,2150,7,0
G11_BF16_ATTN,gpu_user_annotation,7526525059247.222,1886.286,7,0
G11_QKV_PROJECTION,gpu_user_annotation,7526524245885.335,615.782,7,0
G11_QKV_PROJECTION,gpu_user_annotation,7526525146251.257,1600.429,7,0
G11_BF16_ATTN,gpu_user_annotation,7526531148214.756,2159.664,7,0
G11_BF16_ATTN,gpu_user_annotation,7526528886797.54,1833.998,7,0
G11_QKV_PROJECTION,gpu_user_annotation,7526527233997.137,1559.245,7,0
G11_BF16_ATTN,gpu_user_annotation,7526524414060.269,1109.353,7,0
G11_WRAPPER,gpu_user_annotation,7526526022713.283,13855.551,7,0
G11_ATTN_OUTPUT_PROJECTION,gpu_user_annotation,7526529173309.196,100.611,7,0
G11_BF16_ATTN,gpu_user_annotation,7526526628609.477,1887.47,7,0
G11_ATTN_OUTPUT_PROJECTION,gpu_user_annotation,7526525418854.448,101.794,7,0
G11_ATTN_OUTPUT_PROJECTION,gpu_user_annotation,7526525360121.705,103.17,7,0
G11_QKV_PROJECTION,gpu_user_annotation,7526524021435.342,2854.037,7,0
G11_WRAPPER,gpu_user_annotation,7526532130195.171,52083.624,7,0
G11_ATTN_OUTPUT_PROJECTION,gpu_user_annotation,7526530070325.327,102.755,7,0
G11_QKV_PROJECTION,gpu_user_annotation,7526529055380.883,1749.261,7,0
G11_BF16_ATTN,gpu_user_annotation,7526525199084.953,2160.048,7,0
G11_WRAPPER,gpu_user_annotation,7526525461436.747,11464.654,7,0
G11_ATTN_OUTPUT_PROJECTION,gpu_user_annotation,7526529075737.147,102.531,7,0
G11_ATTN_OUTPUT_PROJECTION,gpu_user_annotation,7526527586312.916,101.347,7,0
G11_WRAPPER,gpu_user_annotation,7526531750055.025,52094.983,7,0
G11_QKV_PROJECTION,gpu_user_annotation,7526526926306.755,2324.754,7,0
G11_WRAPPER,gpu_user_annotation,7526529913196.004,20075.338,7,0
G11_BF16_ATTN,gpu_user_annotation,7526526373177.889,1847.886,7,0
G11_QKV_PROJECTION,gpu_user_annotation,7526526457056.431,1585.485,7,0
G11_ATTN_OUTPUT_PROJECTION,gpu_user_annotation,7526529515726.522,100.963,7,0
G11_ATTN_OUTPUT_PROJECTION,gpu_user_annotation,7526525396787.837,101.25,7,0
G11_QKV_PROJECTION,gpu_user_annotation,7526523520871.081,1581.1,7,0
G11_WRAPPER,gpu_user_annotation,7526528228329.845,42055.677,7,0
G11_BF16_ATTN,gpu_user_annotation,7526523784895.415,1457.163,7,0
G11_ATTN_OUTPUT_PROJECTION,gpu_user_annotation,7526526939290.905,100.483,7,0
G11_ATTN_OUTPUT_PROJECTION,gpu_user_annotation,7526527882362.269,102.691,7,0
G11_WRAPPER,gpu_user_annotation,7526530653723.431,18222.237,7,0
G11_WRAPPER,gpu_user_annotation,7526525498894.117,16612.016,7,0
G11_QKV_PROJECTION,gpu_user_annotation,7526529040067.787,1691.822,7,0
G11_QKV_PROJECTION,gpu_user_annotation,7526531106603.721,2426.386,7,0
G11_QKV_PROJECTION,gpu_user_annotation,7526525084922.913,1226.378,7,0
G11_QKV_PROJECTION,gpu_user_annotation,7526528849095.878,1601.613,7,0
G11_BF16_ATTN,gpu_user_annotation,7526524284918.105,1472.747,7,0
G11_QKV_PROJECTION,gpu_user_annotation,7526527388966.661,1888.366,7,0
G11_WRAPPER,gpu_user_annotation,7526525520222.931,15925.708,7,0
G11_ATTN_OUTPUT_PROJECTION,gpu_user_annotation,7526524633585.493,102.626,7,0
G11_WRAPPER,gpu_user_annotation,7526530967451.32,18686.401,7,0
G11_WRAPPER,gpu_user_annotation,7526528716595.595,10705.354,7,0
G11_ATTN_OUTPUT_PROJECTION,gpu_user_annotation,7526529856960.358,102.467,7,0
G11_QKV_PROJECTION,gpu_user_annotation,7526524905416.374,619.238,7,0
G11_ATTN_OUTPUT_PROJECTION,gpu_user_annotation,7526525538371.467,101.027,7,0
G11_QKV_PROJECTION,gpu_user_annotation,7526530462673.302,1701.741,7,0
G11_QKV_PROJECTION,gpu_user_annotation,7526523612777.991,1620.013,7,0
G11_WRAPPER,gpu_user_annotation,7526525541394.144,10729.321,7,0
G11_WRAPPER,gpu_user_annotation,7526525477308.629,16871.026,7,0
G11_QKV_PROJECTION,gpu_user_annotation,7526529136974.039,1670.542,7,0
G11_BF16_ATTN,gpu_user_annotation,7526529933272.652,2146.673,7,0
G11_ATTN_OUTPUT_PROJECTION,gpu_user_annotation,7526524940243.582,103.651,7,0
G11_ATTN_OUTPUT_PROJECTION,gpu_user_annotation,7526529983423.969,102.435,7,0
G11_QKV_PROJECTION,gpu_user_annotation,7526524115189.529,1591.053,7,0
G11_ATTN_OUTPUT_PROJECTION,gpu_user_annotation,7526523609474.801,103.907,7,0
G11_WRAPPER,gpu_user_annotation,7526528424277.083,51631.134,7,0
G11_QKV_PROJECTION,gpu_user_annotation,7526529668582.376,1583.692,7,0
G11_ATTN_OUTPUT_PROJECTION,gpu_user_annotation,7526525554317.334,102.242,7,0
G11_ATTN_OUTPUT_PROJECTION,gpu_user_annotation,7526525459406.653,104.259,7,0
G11_ATTN_OUTPUT_PROJECTION,gpu_user_annotation,7526525496699.446,101.411,7,0
G11_WRAPPER,gpu_user_annotation,7526525576805.292,18714.878,7,0
G11_ATTN_OUTPUT_PROJECTION,gpu_user_annotation,7526529380201.41,102.083,7,0
G11_ATTN_OUTPUT_PROJECTION,gpu_user_annotation,7526524458951.285,101.57,7,0
G11_ATTN_OUTPUT_PROJECTION,gpu_user_annotation,7526525517720.962,102.627,7,0
G11_BF16_ATTN,gpu_user_annotation,7526529154834,2240.72,7,0
G11_WRAPPER,gpu_user_annotation,7526526553178.511,18122.171,7,0
G11_WRAPPER,gpu_user_annotation,7526528911074.824,16036.013,7,0
G11_QKV_PROJECTION,gpu_user_annotation,7526530922553.319,3059.863,7,0
G11_ATTN_OUTPUT_PROJECTION,gpu_user_annotation,7526527489038.502,103.555,7,0
G11_QKV_PROJECTION,gpu_user_annotation,7526528670238.738,1938.511,7,0
G11_BF16_ATTN,gpu_user_annotation,7526530939800.797,2142.864,7,0
G11_ATTN_OUTPUT_PROJECTION,gpu_user_annotation,7526527437954.574,105.443,7,0
G11_BF16_ATTN,gpu_user_annotation,7526528688966.641,2148.56,7,0
G11_QKV_PROJECTION,gpu_user_annotation,7526524652322.753,611.462,7,0
G11_WRAPPER,gpu_user_annotation,7526526943657.303,10682.793,7,0
G11_QKV_PROJECTION,gpu_user_annotation,7526523928406.729,1601.292,7,0
G11_ATTN_OUTPUT_PROJECTION,gpu_user_annotation,7526530942290.83,101.346,7,0
G11_ATTN_OUTPUT_PROJECTION,gpu_user_annotation,7526528691463.585,103.747,7,0
G11_BF16_ATTN,gpu_user_annotation,7526530375960.489,2036.976,7,0
G11_QKV_PROJECTION,gpu_user_annotation,7526527590459.184,612.231,7,0
G11_BF16_ATTN,gpu_user_annotation,7526529601497.632,1833.935,7,0
G11_QKV_PROJECTION,gpu_user_annotation,7526525002908.479,617.478,7,0
G11_BF16_ATTN,gpu_user_annotation,7526524916204.734,1851.598,7,0
G11_QKV_PROJECTION,gpu_user_annotation,7526529519714.485,615.943,7,0
G11_WRAPPER,gpu_user_annotation,7526530944445.212,18328.83,7,0
G11_WRAPPER,gpu_user_annotation,7526528693318.734,17328.951,7,0
G11_ATTN_OUTPUT_PROJECTION,gpu_user_annotation,7526530965239.657,101.603,7,0
G11_ATTN_OUTPUT_PROJECTION,gpu_user_annotation,7526528713222.132,106.563,7,0
G11_BF16_ATTN,gpu_user_annotation,7526530390910.511,2290.577,7,0
G11_BF16_ATTN,gpu_user_annotation,7526530986138.903,2147.025,7,0
G11_BF16_ATTN,gpu_user_annotation,7526528727302.227,2144.976,7,0
G11_QKV_PROJECTION,gpu_user_annotation,7526529160039.282,1629.902,7,0
G11_WRAPPER,gpu_user_annotation,7526527688263.618,42707.234,7,0
G11_ATTN_OUTPUT_PROJECTION,gpu_user_annotation,7526530988595.944,100.77,7,0
G11_ATTN_OUTPUT_PROJECTION,gpu_user_annotation,7526528729813.604,105.923,7,0
G11_BF16_ATTN,gpu_user_annotation,7526530405754.803,2240.978,7,0
G11_WRAPPER,gpu_user_annotation,7526528970824.73,19104.898,7,0
G11_QKV_PROJECTION,gpu_user_annotation,7526530991240.346,1601.356,7,0
G11_BF16_ATTN,gpu_user_annotation,7526523695339.368,1690.445,7,0
G11_QKV_PROJECTION,gpu_user_annotation,7526528733506.332,3813.34,7,0
G11_WRAPPER,gpu_user_annotation,7526525961689.901,17360.598,7,0
G11_QKV_PROJECTION,gpu_user_annotation,7526524965109.507,1584.205,7,0
G11_QKV_PROJECTION,gpu_user_annotation,7526523882953.469,1597.229,7,0
G11_BF16_ATTN,gpu_user_annotation,7526524871356.403,2923.669,7,0
G11_BF16_ATTN,gpu_user_annotation,7526524152745.233,1414.347,7,0
G11_ATTN_OUTPUT_PROJECTION,gpu_user_annotation,7526524154508.061,103.874,7,0
G11_WRAPPER,gpu_user_annotation,7526525020319.059,17569.431,7,0
G11_ATTN_OUTPUT_PROJECTION,gpu_user_annotation,7526530266257.441,102.37,7,0
G11_BF16_ATTN,gpu_user_annotation,7526524195984.366,1766.254,7,0
G11_QKV_PROJECTION,gpu_user_annotation,7526527885299.664,4851.459,7,0
G11_BF16_ATTN,gpu_user_annotation,7526529192531.342,2202.065,7,0
G11_BF16_ATTN,gpu_user_annotation,7526527049853.819,1665.069,7,0
G11_WRAPPER,gpu_user_annotation,7526531129271.395,18941.539,7,0
G11_WRAPPER,gpu_user_annotation,7526528872046.209,14750.117,7,0
G11_QKV_PROJECTION,gpu_user_annotation,7526530876445.487,2059.087,7,0
G11_QKV_PROJECTION,gpu_user_annotation,7526528632770.454,1430.764,7,0
G11_QKV_PROJECTION,gpu_user_annotation,7526525340578.022,1598.637,7,0
G11_QKV_PROJECTION,gpu_user_annotation,7526524201333.265,1579.245,7,0
G11_ATTN_OUTPUT_PROJECTION,gpu_user_annotation,7526529721220.877,102.083,7,0
G11_ATTN_OUTPUT_PROJECTION,gpu_user_annotation,7526524014397.504,103.619,7,0
G11_ATTN_OUTPUT_PROJECTION,gpu_user_annotation,7526524874604.072,103.107,7,0
G11_WRAPPER,gpu_user_annotation,7526525642226.943,13706.077,7,0
G11_ATTN_OUTPUT_PROJECTION,gpu_user_annotation,7526524330547.942,101.602,7,0
G11_ATTN_OUTPUT_PROJECTION,gpu_user_annotation,7526525657484.805,104.546,7,0
G11_BF16_ATTN,gpu_user_annotation,7526524938012.751,1864.302,7,0
G11_QKV_PROJECTION,gpu_user_annotation,7526525020770.038,1585.26,7,0
G11_BF16_ATTN,gpu_user_annotation,7526524370414.925,2596.915,7,0
G11_ATTN_OUTPUT_PROJECTION,gpu_user_annotation,7526526799276.853,103.171,7,0
G11_QKV_PROJECTION,gpu_user_annotation,7526524375633.871,1584.3,7,0
G11_ATTN_OUTPUT_PROJECTION,gpu_user_annotation,7526525674729.527,103.715,7,0
G11_BF16_ATTN,gpu_user_annotation,7526524960275.139,1866.286,7,0
G11_QKV_PROJECTION,gpu_user_annotation,7526525042706.792,1886.511,7,0
G11_BF16_ATTN,gpu_user_annotation,7526525572386.606,1854.35,7,0
G11_QKV_PROJECTION,gpu_user_annotation,7526524418094.727,1584.941,7,0
G11_BF16_ATTN,gpu_user_annotation,7526528475962.423,2142.737,7,0
G11_BF16_ATTN,gpu_user_annotation,7526524547554.845,1104.937,7,0
G11_ATTN_OUTPUT_PROJECTION,gpu_user_annotation,7526525640280.21,101.827,7,0
G11_QKV_PROJECTION,gpu_user_annotation,7526526357398.552,3057.238,7,0
G11_ATTN_OUTPUT_PROJECTION,gpu_user_annotation,7526523518261.08,101.73,7,0
G11_ATTN_OUTPUT_PROJECTION,gpu_user_annotation,7526527936742.283,105.026,7,0
G11_QKV_PROJECTION,gpu_user_annotation,7526523471094.561,2386.226,7,0
G11_WRAPPER,gpu_user_annotation,7526529985944.466,19463.174,7,0
G11_ATTN_OUTPUT_PROJECTION,gpu_user_annotation,7526530483925.606,100.995,7,0
G11_ATTN_OUTPUT_PROJECTION,gpu_user_annotation,7526529157422.433,104.963,7,0
G11_BF16_ATTN,gpu_user_annotation,7526526832060.944,2162.608,7,0
G11_QKV_PROJECTION,gpu_user_annotation,7526526909107.248,1955.215,7,0
G11_BF16_ATTN,gpu_user_annotation,7526524590538.521,1104.905,7,0
G11_ATTN_OUTPUT_PROJECTION,gpu_user_annotation,7526524591644.608,101.219,7,0
G11_ATTN_OUTPUT_PROJECTION,gpu_user_annotation,7526526689633.275,101.411,7,0
G11_QKV_PROJECTION,gpu_user_annotation,7526524595774.907,612.71,7,0
G11_ATTN_OUTPUT_PROJECTION,gpu_user_annotation,7526529625304.354,101.507,7,0
G11_BF16_ATTN,gpu_user_annotation,7526526571302.472,2206.736,7,0
G11_WRAPPER,gpu_user_annotation,7526530010084.854,19006.595,7,0
G11_WRAPPER,gpu_user_annotation,7526527540742.082,44021.354,7,0
G11_WRAPPER,gpu_user_annotation,7526526005570.13,10859.498,7,0
G11_BF16_ATTN,gpu_user_annotation,7526531033710.362,2201.106,7,0
G11_BF16_ATTN,gpu_user_annotation,7526526474458.147,2214.481,7,0
G11_BF16_ATTN,gpu_user_annotation,7526528775009.108,2198.289,7,0
G11_BF16_ATTN,gpu_user_annotation,7526523463846.193,1794.702,7,0
G11_ATTN_OUTPUT_PROJECTION,gpu_user_annotation,7526524373012.989,102.243,7,0
G11_BF16_ATTN,gpu_user_annotation,7526530435871.136,2274.993,7,0
G11_BF16_ATTN,gpu_user_annotation,7526523377528.087,1780.43,7,0
G11_WRAPPER,gpu_user_annotation,7526529765734.619,15318.058,7,0
G11_ATTN_OUTPUT_PROJECTION,gpu_user_annotation,7526523561661.814,102.915,7,0
G11_WRAPPER,gpu_user_annotation,7526526617161.465,11446.19,7,0
G11_ATTN_OUTPUT_PROJECTION,gpu_user_annotation,7526529052777.537,100.739,7,0
G11_QKV_PROJECTION,gpu_user_annotation,7526526803973.237,2467.186,7,0
G11_ATTN_OUTPUT_PROJECTION,gpu_user_annotation,7526525277160.032,101.507,7,0
G11_BF16_ATTN,gpu_user_annotation,7526523651820.104,1718.254,7,0
G11_QKV_PROJECTION,gpu_user_annotation,7526530746726.75,926.12,7,0
G11_WRAPPER,gpu_user_annotation,7526524902894.149,13309.403,7,0
G11_ATTN_OUTPUT_PROJECTION,gpu_user_annotation,7526523653906.646,103.971,7,0
G11_QKV_PROJECTION,gpu_user_annotation,7526524942841.999,1602.381,7,0
G11_ATTN_OUTPUT_PROJECTION,gpu_user_annotation,7526525574605.853,101.059,7,0
G11_ATTN_OUTPUT_PROJECTION,gpu_user_annotation,7526524851705.584,105.283,7,0
G11_ATTN_OUTPUT_PROJECTION,gpu_user_annotation,7526523697340.405,102.819,7,0
G11_BF16_ATTN,gpu_user_annotation,7526530826229.498,2623.731,7,0
G11_WRAPPER,gpu_user_annotation,7526525002823.038,13130.714,7,0
G11_BF16_ATTN,gpu_user_annotation,7526530962775.96,2152.881,7,0
G11_BF16_ATTN,gpu_user_annotation,7526528710648.899,2203.696,7,0
G11_QKV_PROJECTION,gpu_user_annotation,7526523700951.244,1596.589,7,0
G11_WRAPPER,gpu_user_annotation,7526530900288.753,17361.655,7,0
G11_WRAPPER,gpu_user_annotation,7526528652914.974,12417.75,7,0
G11_BF16_ATTN,gpu_user_annotation,7526530360816.098,2203.377,7,0
G11_WRAPPER,gpu_user_annotation,7526524942446.668,17827.257,7,0
G11_ATTN_OUTPUT_PROJECTION,gpu_user_annotation,7526523786663.394,104.131,7,0
G11_BF16_ATTN,gpu_user_annotation,7526526335091.523,2011.824,7,0
G11_QKV_PROJECTION,gpu_user_annotation,7526526419791.831,2983.254,7,0
G11_BF16_ATTN,gpu_user_annotation,7526524808853.427,1538.572,7,0
G11_BF16_ATTN,gpu_user_annotation,7526523923005.734,1465.195,7,0
G11_BF16_ATTN,gpu_user_annotation,7526527683488.93,2246.449,7,0
G11_WRAPPER,gpu_user_annotation,7526528931957.076,18748.416,7,0
G11_QKV_PROJECTION,gpu_user_annotation,7526528424726.591,1551.052,7,0
G11_ATTN_OUTPUT_PROJECTION,gpu_user_annotation,7526524812831.693,106.115,7,0
G11_ATTN_OUTPUT_PROJECTION,gpu_user_annotation,7526523924782.065,103.171,7,0
G11_ATTN_OUTPUT_PROJECTION,gpu_user_annotation,7526529743025.921,633.51,7,0
G11_ATTN_OUTPUT_PROJECTION,gpu_user_annotation,7526525729636.517,104.706,7,0
G11_QKV_PROJECTION,gpu_user_annotation,7526530944894.975,2061.68,7,0
G11_ATTN_OUTPUT_PROJECTION,gpu_user_annotation,7526526886972.573,100.771,7,0
G11_QKV_PROJECTION,gpu_user_annotation,7526528693724.273,1640.205,7,0
G11_BF16_ATTN,gpu_user_annotation,7526523967752.973,1404.107,7,0
G11_BF16_ATTN,gpu_user_annotation,7526530577664.675,2144.048,7,0
G11_ATTN_OUTPUT_PROJECTION,gpu_user_annotation,7526523969505.208,103.619,7,0
G11_QKV_PROJECTION,gpu_user_annotation,7526525732255.51,1891.663,7,0
G11_QKV_PROJECTION,gpu_user_annotation,7526529745183.472,1099.881,7,0
G11_BF16_ATTN,gpu_user_annotation,7526528966360.284,2146.128,7,0
G11_ATTN_OUTPUT_PROJECTION,gpu_user_annotation,7526525597682.518,101.699,7,0
G11_WRAPPER,gpu_user_annotation,7526529834736.112,19759.047,7,0
G11_WRAPPER,gpu_user_annotation,7526524920939.645,17071.86,7,0
G11_QKV_PROJECTION,gpu_user_annotation,7526526729941.224,2460.69,7,0
G11_ATTN_OUTPUT_PROJECTION,gpu_user_annotation,7526525201610.09,104.962,7,0
G11_QKV_PROJECTION,gpu_user_annotation,7526529701120.068,1591.373,7,0
G11_WRAPPER,gpu_user_annotation,7526524965022.467,15599.306,7,0
G11_WRAPPER,gpu_user_annotation,7526529810294.954,19407.781,7,0
G11_ATTN_OUTPUT_PROJECTION,gpu_user_annotation,7526525696354.407,101.411,7,0
G11_QKV_PROJECTION,gpu_user_annotation,7526530301511.664,1761.102,7,0
G11_WRAPPER,gpu_user_annotation,7526524985620.364,10778.026,7,0
G11_QKV_PROJECTION,gpu_user_annotation,7526529986030.419,1883.982,7,0
G11_BF16_ATTN,gpu_user_annotation,7526527584764.746,1546.86,7,0
G11_QKV_PROJECTION,gpu_user_annotation,7526530055321.257,2101.008,7,0
G11_WRAPPER,gpu_user_annotation,7526526576321.449,17371.957,7,0
G11_ATTN_OUTPUT_PROJECTION,gpu_user_annotation,7526525712406.578,103.267,7,0
G11_WRAPPER,gpu_user_annotation,7526527590374.287,40285.714,7,0
G11_QKV_PROJECTION,gpu_user_annotation,7526529810726.924,1600.045,7,0
G11_WRAPPER,gpu_user_annotation,7526526122165.754,18076.73,7,0
G11_QKV_PROJECTION,gpu_user_annotation,7526529786150.854,1577.452,7,0
G11_WRAPPER,gpu_user_annotation,7526526357315.255,15861.164,7,0
G11_BF16_ATTN,gpu_user_annotation,7526527985735.988,3028.375,7,0
G11_BF16_ATTN,gpu_user_annotation,7526529291179.142,1834.574,7,0
G11_ATTN_OUTPUT_PROJECTION,gpu_user_annotation,7526527988765.705,102.05,7,0
G11_ATTN_OUTPUT_PROJECTION,gpu_user_annotation,7526529293014.866,628.614,7,0
G11_QKV_PROJECTION,gpu_user_annotation,7526530654172.522,1578.541,7,0
G11_WRAPPER,gpu_user_annotation,7526527990720.822,42420.319,7,0
G11_WRAPPER,gpu_user_annotation,7526529295083.616,12701.432,7,0
G11_QKV_PROJECTION,gpu_user_annotation,7526527990804.438,1594.989,7,0
G11_ATTN_OUTPUT_PROJECTION,gpu_user_annotation,7526528528797.115,102.114,7,0
G11_QKV_PROJECTION,gpu_user_annotation,7526529295167.777,1425.1,7,0
G11_BF16_ATTN,gpu_user_annotation,7526527228808.783,1856.494,7,0
G11_BF16_ATTN,gpu_user_annotation,7526528033190.356,2248.721,7,0
G11_WRAPPER,gpu_user_annotation,7526529645621.356,17834.875,7,0
G11_ATTN_OUTPUT_PROJECTION,gpu_user_annotation,7526528035748.229,102.531,7,0
G11_QKV_PROJECTION,gpu_user_annotation,7526530073404.996,3013.91,7,0
G11_WRAPPER,gpu_user_annotation,7526528038277.206,39583.692,7,0
G11_ATTN_OUTPUT_PROJECTION,gpu_user_annotation,7526525619390.567,102.179,7,0
G11_QKV_PROJECTION,gpu_user_annotation,7526528038708.889,1580.812,7,0
G11_BF16_ATTN,gpu_user_annotation,7526527284960.456,3026.903,7,0
G11_WRAPPER,gpu_user_annotation,7526527000335.693,13083.45,7,0
G11_BF16_ATTN,gpu_user_annotation,7526528077862.08,1858.191,7,0
G11_QKV_PROJECTION,gpu_user_annotation,7526528082988.067,1599.821,7,0
G11_WRAPPER,gpu_user_annotation,7526529668190.021,27526.557,7,0
G11_BF16_ATTN,gpu_user_annotation,7526527333536.911,1538.38,7,0
G11_BF16_ATTN,gpu_user_annotation,7526525937566.989,2339.313,7,0
G11_BF16_ATTN,gpu_user_annotation,7526528124609.659,1881.807,7,0
G11_WRAPPER,gpu_user_annotation,7526525943959.639,13358.491,7,0
G11_WRAPPER,gpu_user_annotation,7526528129351.451,40713.012,7,0
G11_WRAPPER,gpu_user_annotation,7526525854267.266,16548.657,7,0
G11_ATTN_OUTPUT_PROJECTION,gpu_user_annotation,7526530627685.814,102.243,7,0
G11_WRAPPER,gpu_user_annotation,7526525815764.194,12488.629,7,0
G11_BF16_ATTN,gpu_user_annotation,7526528170065.613,1855.822,7,0
G11_ATTN_OUTPUT_PROJECTION,gpu_user_annotation,7526528172232.027,102.627,7,0
G11_BF16_ATTN,gpu_user_annotation,7526528270386.704,1878.255,7,0
G11_WRAPPER,gpu_user_annotation,7526529015813.288,19118.819,7,0
G11_ATTN_OUTPUT_PROJECTION,gpu_user_annotation,7526528272594.975,103.299,7,0
G11_ATTN_OUTPUT_PROJECTION,gpu_user_annotation,7526526573819.448,100.835,7,0
G11_ATTN_OUTPUT_PROJECTION,gpu_user_annotation,7526524548660.9,104.451,7,0
G11_BF16_ATTN,gpu_user_annotation,7526528314586.297,2240.497,7,0
G11_ATTN_OUTPUT_PROJECTION,gpu_user_annotation,7526528317137.099,103.202,7,0
G11_BF16_ATTN,gpu_user_annotation,7526526919505.302,2135.12,7,0
G11_QKV_PROJECTION,gpu_user_annotation,7526527000801.872,2076.304,7,0
G11_WRAPPER,gpu_user_annotation,7526528319353.946,49752.689,7,0
G11_WRAPPER,gpu_user_annotation,7526530055217.768,12583.224,7,0
G11_BF16_ATTN,gpu_user_annotation,7526528419426.299,1908.175,7,0
G11_ATTN_OUTPUT_PROJECTION,gpu_user_annotation,7526528478472.712,103.235,7,0
G11_BF16_ATTN,gpu_user_annotation,7526524709518.75,2328.849,7,0
G11_BF16_ATTN,gpu_user_annotation,7526529307786.486,2209.489,7,0
G11_QKV_PROJECTION,gpu_user_annotation,7526524985705.516,1598.637,7,0
G11_WRAPPER,gpu_user_annotation,7526529942429.77,15491.468,7,0
G11_BF16_ATTN,gpu_user_annotation,7526526140243.762,2154.673,7,0
G11_QKV_PROJECTION,gpu_user_annotation,7526526227929.146,1588.429,7,0
G11_QKV_PROJECTION,gpu_user_annotation,7526529942512.747,610.694,7,0
G11_BF16_ATTN,gpu_user_annotation,7526529957922.387,2147.601,7,0
G11_WRAPPER,gpu_user_annotation,7526529099452.379,12289.461,7,0
G11_BF16_ATTN,gpu_user_annotation,7526525156240.284,1841.582,7,0
G11_ATTN_OUTPUT_PROJECTION,gpu_user_annotation,7526529960436.805,102.402,7,0
G11_QKV_PROJECTION,gpu_user_annotation,7526526694358.267,2277.297,7,0
G11_BF16_ATTN,gpu_user_annotation,7526527630661.887,2210.896,7,0
G11_ATTN_OUTPUT_PROJECTION,gpu_user_annotation,7526525158083.112,102.851,7,0
G11_QKV_PROJECTION,gpu_user_annotation,7526527491991.866,1602.221,7,0
G11_BF16_ATTN,gpu_user_annotation,7526530029092.631,2150.097,7,0
G11_WRAPPER,gpu_user_annotation,7526526855814.542,11435.438,7,0
G11_WRAPPER,gpu_user_annotation,7526530033752.086,16880.661,7,0
G11_ATTN_OUTPUT_PROJECTION,gpu_user_annotation,7526524415171.06,103.587,7,0
G11_QKV_PROJECTION,gpu_user_annotation,7526530034202.906,1577.9,7,0
G11_BF16_ATTN,gpu_user_annotation,7526530067802.845,2521.524,7,0
G11_WRAPPER,gpu_user_annotation,7526530073322.787,14927.048,7,0
G11_BF16_ATTN,gpu_user_annotation,7526530088272.296,2208.722,7,0
G11_ATTN_OUTPUT_PROJECTION,gpu_user_annotation,7526530090482.136,102.306,7,0
G11_ATTN_OUTPUT_PROJECTION,gpu_user_annotation,7526525061443.364,103.971,7,0
G11_QKV_PROJECTION,gpu_user_annotation,7526526598594.109,1593.069,7,0
G11_WRAPPER,gpu_user_annotation,7526530093105.961,12819.354,7,0
G11_QKV_PROJECTION,gpu_user_annotation,7526530094674.836,618.182,7,0
G11_BF16_ATTN,gpu_user_annotation,7526530105927.04,2153.009,7,0
G11_BF16_ATTN,gpu_user_annotation,7526524849507.617,1849.903,7,0
G11_ATTN_OUTPUT_PROJECTION,gpu_user_annotation,7526530108390.065,102.563,7,0
G11_WRAPPER,gpu_user_annotation,7526530110295.966,13003.226,7,0
G11_QKV_PROJECTION,gpu_user_annotation,7526530110744.065,3842.108,7,0
G11_BF16_ATTN,gpu_user_annotation,7526530123319.031,2200.016,7,0
G11_ATTN_OUTPUT_PROJECTION,gpu_user_annotation,7526530125519.941,100.995,7,0
G11_WRAPPER,gpu_user_annotation,7526530128070.359,9894.341,7,0
G11_WRAPPER,gpu_user_annotation,7526530142969.148,10444.521,7,0
G11_QKV_PROJECTION,gpu_user_annotation,7526530143388.895,1671.533,7,0
G11_BF16_ATTN,gpu_user_annotation,7526530153428.803,2436.946,7,0
G11_ATTN_OUTPUT_PROJECTION,gpu_user_annotation,7526530155866.867,100.323,7,0
G11_WRAPPER,gpu_user_annotation,7526530162049.469,10035.847,7,0
G11_QKV_PROJECTION,gpu_user_annotation,7526530162445.472,1702.446,7,0
G11_BF16_ATTN,gpu_user_annotation,7526530172105.026,2359.505,7,0
G11_ATTN_OUTPUT_PROJECTION,gpu_user_annotation,7526530174465.906,103.49,7,0
G11_WRAPPER,gpu_user_annotation,7526530177084.003,9788.869,7,0
G11_ATTN_OUTPUT_PROJECTION,gpu_user_annotation,7526524829884.959,105.346,7,0
G11_QKV_PROJECTION,gpu_user_annotation,7526530177454.63,1702.413,7,0
G11_WRAPPER,gpu_user_annotation,7526531857146.192,52324.521,7,0
G11_BF16_ATTN,gpu_user_annotation,7526530186890.278,2235.089,7,0
G11_WRAPPER,gpu_user_annotation,7526526785707.771,11348.43,7,0
G11_ATTN_OUTPUT_PROJECTION,gpu_user_annotation,7526530189126.261,101.827,7,0
G11_WRAPPER,gpu_user_annotation,7526530191768.903,10579.178,7,0
G11_WRAPPER,gpu_user_annotation,7526525259440.874,14689.316,7,0
G11_QKV_PROJECTION,gpu_user_annotation,7526530192172.746,1698.285,7,0
G11_ATTN_OUTPUT_PROJECTION,gpu_user_annotation,7526525377019.769,101.315,7,0
G11_ATTN_OUTPUT_PROJECTION,gpu_user_annotation,7526530204614.782,102.179,7,0
G11_WRAPPER,gpu_user_annotation,7526525379696.619,14877.797,7,0
G11_WRAPPER,gpu_user_annotation,7526530207268.016,10487.689,7,0
G11_QKV_PROJECTION,gpu_user_annotation,7526525379782.187,3049.239,7,0
G11_QKV_PROJECTION,gpu_user_annotation,7526530207655.091,1707.341,7,0
G11_WRAPPER,gpu_user_annotation,7526526297132.103,15859.467,7,0
G11_BF16_ATTN,gpu_user_annotation,7526530217791.96,2258.577,7,0
G11_WRAPPER,gpu_user_annotation,7526526145288.212,16160.749,7,0
G11_WRAPPER,gpu_user_annotation,7526525796577.346,10443.4,7,0
G11_ATTN_OUTPUT_PROJECTION,gpu_user_annotation,7526530220051.527,101.827,7,0
G11_BF16_ATTN,gpu_user_annotation,7526526451934.381,1850.318,7,0
G11_WRAPPER,gpu_user_annotation,7526530222579.736,10075.75,7,0
G11_QKV_PROJECTION,gpu_user_annotation,7526530222762.713,1778.606,7,0
G11_WRAPPER,gpu_user_annotation,7526526063978.07,14715.044,7,0
G11_QKV_PROJECTION,gpu_user_annotation,7526525926566.627,1603.725,7,0
G11_QKV_PROJECTION,gpu_user_annotation,7526523301076.063,2767.348,7,0
G11_ATTN_OUTPUT_PROJECTION,gpu_user_annotation,7526530234591.402,103.97,7,0
G11_BF16_ATTN,gpu_user_annotation,7526526221457.423,1866.286,7,0
G11_QKV_PROJECTION,gpu_user_annotation,7526526319394.459,1580.556,7,0
G11_WRAPPER,gpu_user_annotation,7526530237189.691,11270.031,7,0
G11_QKV_PROJECTION,gpu_user_annotation,7526530237615.646,1770.606,7,0
G11_BF16_ATTN,gpu_user_annotation,7526530248482.6,2256.369,7,0
G11_QKV_PROJECTION,gpu_user_annotation,7526530253898.221,1613.133,7,0
G11_BF16_ATTN,gpu_user_annotation,7526530263587.663,2193.649,7,0
G11_BF16_ATTN,gpu_user_annotation,7526528369107.912,1907.919,7,0
G11_WRAPPER,gpu_user_annotation,7526530268293.774,10691.723,7,0
G11_QKV_PROJECTION,gpu_user_annotation,7526530268645.617,1892.911,7,0
G11_QKV_PROJECTION,gpu_user_annotation,7526528319747.996,1587.693,7,0
G11_WRAPPER,gpu_user_annotation,7526530283766.744,12728.152,7,0
G11_WRAPPER,gpu_user_annotation,7526527186390.545,42416.416,7,0
G11_QKV_PROJECTION,gpu_user_annotation,7526530284143.962,1858.671,7,0
G11_QKV_PROJECTION,gpu_user_annotation,7526527186784.084,1951.471,7,0
G11_ATTN_OUTPUT_PROJECTION,gpu_user_annotation,7526530298420.699,101.955,7,0
G11_WRAPPER,gpu_user_annotation,7526530301049.677,10475.113,7,0
G11_QKV_PROJECTION,gpu_user_annotation,7526523972775.886,1908.046,7,0
G11_ATTN_OUTPUT_PROJECTION,gpu_user_annotation,7526530313840.676,102.274,7,0
G11_WRAPPER,gpu_user_annotation,7526526045500.315,13766.686,7,0
G11_ATTN_OUTPUT_PROJECTION,gpu_user_annotation,7526526061460.293,102.627,7,0
G11_BF16_ATTN,gpu_user_annotation,7526526078694.2,1995.696,7,0
G11_QKV_PROJECTION,gpu_user_annotation,7526526167559.304,1890.479,7,0
G11_WRAPPER,gpu_user_annotation,7526526084329.47,9687.715,7,0
G11_BF16_ATTN,gpu_user_annotation,7526529247079.194,2072.464,7,0
G11_BF16_ATTN,gpu_user_annotation,7526526094327.584,1878.287,7,0
G11_QKV_PROJECTION,gpu_user_annotation,7526526186692.167,613.446,7,0
G11_WRAPPER,gpu_user_annotation,7526531542480.928,54496.12,7,0
G11_WRAPPER,gpu_user_annotation,7526528275119.824,39414.059,7,0
G11_BF16_ATTN,gpu_user_annotation,7526526116396.307,1887.535,7,0
G11_QKV_PROJECTION,gpu_user_annotation,7526526203305.11,1601.773,7,0
G11_ATTN_OUTPUT_PROJECTION,gpu_user_annotation,7526526118594.402,103.331,7,0
G11_BF16_ATTN,gpu_user_annotation,7526529453157.329,2165.137,7,0
G11_ATTN_OUTPUT_PROJECTION,gpu_user_annotation,7526526142765.507,101.987,7,0
G11_WRAPPER,gpu_user_annotation,7526526167109.381,13887.902,7,0
G11_WRAPPER,gpu_user_annotation,7526529519628.404,10762.22,7,0
G11_BF16_ATTN,gpu_user_annotation,7526526180998.465,1540.109,7,0
G11_WRAPPER,gpu_user_annotation,7526526186608.359,11647.727,7,0
G11_BF16_ATTN,gpu_user_annotation,7526526198257.365,2084.335,7,0
G11_WRAPPER,gpu_user_annotation,7526529479782.534,13807.456,7,0
G11_ATTN_OUTPUT_PROJECTION,gpu_user_annotation,7526529783545.492,101.283,7,0
G11_QKV_PROJECTION,gpu_user_annotation,7526526297580.457,1579.981,7,0
G11_ATTN_OUTPUT_PROJECTION,gpu_user_annotation,7526526200651.172,101.987,7,0
G11_WRAPPER,gpu_user_annotation,7526531434147.96,52245.449,7,0
G11_QKV_PROJECTION,gpu_user_annotation,7526530128421.305,1918.255,7,0
G11_ATTN_OUTPUT_PROJECTION,gpu_user_annotation,7526526223670.846,105.314,7,0
G11_WRAPPER,gpu_user_annotation,7526526227479.703,18040.506,7,0
G11_ATTN_OUTPUT_PROJECTION,gpu_user_annotation,7526530053189.37,102.627,7,0
G11_BF16_ATTN,gpu_user_annotation,7526526245521.583,2191.089,7,0
G11_ATTN_OUTPUT_PROJECTION,gpu_user_annotation,7526528421645.034,101.667,7,0
G11_QKV_PROJECTION,gpu_user_annotation,7526526340133.317,2942.869,7,0
G11_WRAPPER,gpu_user_annotation,7526526250573.073,15606.762,7,0
G11_BF16_ATTN,gpu_user_annotation,7526529878112.79,1835.054,7,0
G11_ATTN_OUTPUT_PROJECTION,gpu_user_annotation,7526526269659.312,101.634,7,0
G11_QKV_PROJECTION,gpu_user_annotation,7526529427121.792,1598.253,7,0
G11_WRAPPER,gpu_user_annotation,7526526271811.326,19977.159,7,0
G11_BF16_ATTN,gpu_user_annotation,7526525141091.479,1888.814,7,0
G11_QKV_PROJECTION,gpu_user_annotation,7526525225789.675,1637.708,7,0
G11_QKV_PROJECTION,gpu_user_annotation,7526529498689.639,2060.816,7,0
G11_QKV_PROJECTION,gpu_user_annotation,7526526676990.503,2392.146,7,0
G11_ATTN_OUTPUT_PROJECTION,gpu_user_annotation,7526525143290.885,102.531,7,0
G11_BF16_ATTN,gpu_user_annotation,7526525175930.206,1903.439,7,0
G11_QKV_PROJECTION,gpu_user_annotation,7526525259833.421,1274.155,7,0
G11_QKV_PROJECTION,gpu_user_annotation,7526526712212.37,2240.273,7,0
G11_ATTN_OUTPUT_PROJECTION,gpu_user_annotation,7526525178143.917,101.731,7,0
G11_BF16_ATTN,gpu_user_annotation,7526529493591.236,2143.408,7,0
G11_QKV_PROJECTION,gpu_user_annotation,7526526746853.048,2538.195,7,0
G11_ATTN_OUTPUT_PROJECTION,gpu_user_annotation,7526525222873.879,102.179,7,0
G11_ATTN_OUTPUT_PROJECTION,gpu_user_annotation,7526529496082.357,103.971,7,0
G11_BF16_ATTN,gpu_user_annotation,7526527127761.766,2209.202,7,0
G11_BF16_ATTN,gpu_user_annotation,7526525235810.157,1537.357,7,0
G11_BF16_ATTN,gpu_user_annotation,7526525254708.971,1853.358,7,0
G11_WRAPPER,gpu_user_annotation,7526525284401.744,9710.755,7,0
G11_QKV_PROJECTION,gpu_user_annotation,7526525284608.978,2031.28,7,0
G11_WRAPPER,gpu_user_annotation,7526530365640.515,10318.888,7,0
G11_ATTN_OUTPUT_PROJECTION,gpu_user_annotation,7526525296272.192,100.93,7,0
G11_BF16_ATTN,gpu_user_annotation,7526530481259.252,2336.658,7,0
G11_BF16_ATTN,gpu_user_annotation,7526529980931.248,2143.569,7,0
G11_WRAPPER,gpu_user_annotation,7526525298838.001,15936.844,7,0
G11_QKV_PROJECTION,gpu_user_annotation,7526525298923.985,3817.02,7,0
G11_WRAPPER,gpu_user_annotation,7526529723112.538,18075.772,7,0
G11_ATTN_OUTPUT_PROJECTION,gpu_user_annotation,7526525316989.129,102.275,7,0
G11_WRAPPER,gpu_user_annotation,7526525319184.856,16467.408,7,0
G11_QKV_PROJECTION,gpu_user_annotation,7526528971217.212,1752.942,7,0
G11_WRAPPER,gpu_user_annotation,7526532704364.841,46404.448,7,0
G11_QKV_PROJECTION,gpu_user_annotation,7526525319577.083,1630.029,7,0
G11_BF16_ATTN,gpu_user_annotation,7526529218847.579,2003.471,7,0
G11_ATTN_OUTPUT_PROJECTION,gpu_user_annotation,7526529221161.483,105.314,7,0
G11_WRAPPER,gpu_user_annotation,7526527233544.014,51415.196,7,0
G11_WRAPPER,gpu_user_annotation,7526529229381.474,17696.506,7,0
G11_ATTN_OUTPUT_PROJECTION,gpu_user_annotation,7526530850681.248,101.57,7,0
G11_ATTN_OUTPUT_PROJECTION,gpu_user_annotation,7526528606797.064,105.378,7,0
G11_BF16_ATTN,gpu_user_annotation,7526526902851.335,2061.52,7,0
G11_QKV_PROJECTION,gpu_user_annotation,7526526983065.337,2306.961,7,0
G11_QKV_PROJECTION,gpu_user_annotation,7526529229985.351,1750.317,7,0
G11_ATTN_OUTPUT_PROJECTION,gpu_user_annotation,7526526550624.702,103.394,7,0
G11_ATTN_OUTPUT_PROJECTION,gpu_user_annotation,7526526096516.303,101.507,7,0
G11_ATTN_OUTPUT_PROJECTION,gpu_user_annotation,7526529249461.546,101.379,7,0
G11_WRAPPER,gpu_user_annotation,7526526098724.446,17670.231,7,0
G11_WRAPPER,gpu_user_annotation,7526529251676.858,18029.788,7,0
G11_ATTN_OUTPUT_PROJECTION,gpu_user_annotation,7526525256910.81,105.09,7,0
G11_QKV_PROJECTION,gpu_user_annotation,7526526786157.47,2629.204,7,0
G11_QKV_PROJECTION,gpu_user_annotation,7526526099117.281,1578.988,7,0
G11_QKV_PROJECTION,gpu_user_annotation,7526529252109.308,1598.126,7,0
G11_BF16_ATTN,gpu_user_annotation,7526529269708.532,2190.129,7,0
G11_WRAPPER,gpu_user_annotation,7526529274462.452,16715.507,7,0
G11_ATTN_OUTPUT_PROJECTION,gpu_user_annotation,7526525040094.518,104.579,7,0
G11_QKV_PROJECTION,gpu_user_annotation,7526526576771.948,1579.596,7,0
G11_QKV_PROJECTION,gpu_user_annotation,7526529274856.567,1948.047,7,0
G11_WRAPPER,gpu_user_annotation,7526524715791.591,12694.167,7,0
G11_WRAPPER,gpu_user_annotation,7526529312809.497,17987.259,7,0
G11_BF16_ATTN,gpu_user_annotation,7526529330832.531,2285.617,7,0
G11_WRAPPER,gpu_user_annotation,7526525145814.134,10424.903,7,0
G11_ATTN_OUTPUT_PROJECTION,gpu_user_annotation,7526529333119.138,102.851,7,0
G11_WRAPPER,gpu_user_annotation,7526529336901.692,18562.624,7,0
G11_QKV_PROJECTION,gpu_user_annotation,7526529337302.527,2253.105,7,0
G11_BF16_ATTN,gpu_user_annotation,7526529355466.106,2211.345,7,0
G11_WRAPPER,gpu_user_annotation,7526529360386.075,15538.444,7,0
G11_QKV_PROJECTION,gpu_user_annotation,7526529360819.39,2079.504,7,0
G11_WRAPPER,gpu_user_annotation,7526531911590.886,54585.241,7,0
G11_BF16_ATTN,gpu_user_annotation,7526529375925.637,1835.182,7,0
G11_WRAPPER,gpu_user_annotation,7526529381741.549,16153.039,7,0
G11_QKV_PROJECTION,gpu_user_annotation,7526529381825.549,3142.839,7,0
G11_BF16_ATTN,gpu_user_annotation,7526529397895.834,2218.513,7,0
G11_WRAPPER,gpu_user_annotation,7526529402317.016,19705.704,7,0
G11_QKV_PROJECTION,gpu_user_annotation,7526529402801.531,1596.493,7,0
G11_ATTN_OUTPUT_PROJECTION,gpu_user_annotation,7526526498470.467,102.594,7,0
G11_WRAPPER,gpu_user_annotation,7526526655260.374,14798.853,7,0
G11_BF16_ATTN,gpu_user_annotation,7526529422023.806,2145.712,7,0
G11_ATTN_OUTPUT_PROJECTION,gpu_user_annotation,7526526354639.589,101.539,7,0
G11_QKV_PROJECTION,gpu_user_annotation,7526527785700.626,1585.517,7,0
G11_ATTN_OUTPUT_PROJECTION,gpu_user_annotation,7526529424479.311,100.962,7,0
G11_ATTN_OUTPUT_PROJECTION,gpu_user_annotation,7526529455691.843,101.73,7,0
G11_WRAPPER,gpu_user_annotation,7526529457945.842,16049.455,7,0
G11_BF16_ATTN,gpu_user_annotation,7526526434712.794,1544.972,7,0
G11_ATTN_OUTPUT_PROJECTION,gpu_user_annotation,7526529475832.491,102.691,7,0
G11_WRAPPER,gpu_user_annotation,7526532391508.741,48934.898,7,0
G11_QKV_PROJECTION,gpu_user_annotation,7526529479867.143,1094.249,7,0
G11_BF16_ATTN,gpu_user_annotation,7526529554164.255,2142.065,7,0
G11_WRAPPER,gpu_user_annotation,7526526908714.062,10732.009,7,0
G11_ATTN_OUTPUT_PROJECTION,gpu_user_annotation,7526529556653.84,102.658,7,0
G11_WRAPPER,gpu_user_annotation,7526529558501.885,19330.373,7,0
G11_QKV_PROJECTION,gpu_user_annotation,7526529558895.903,1950.287,7,0
G11_ATTN_OUTPUT_PROJECTION,gpu_user_annotation,7526530580155.571,102.307,7,0
G11_WRAPPER,gpu_user_annotation,7526526838552.347,11062.412,7,0
G11_BF16_ATTN,gpu_user_annotation,7526529577833.44,2152.08,7,0
G11_ATTN_OUTPUT_PROJECTION,gpu_user_annotation,7526529580295.696,101.539,7,0
G11_BF16_ATTN,gpu_user_annotation,7526526975698.759,2142.321,7,0
G11_QKV_PROJECTION,gpu_user_annotation,7526529197640.112,4949.054,7,0
G11_QKV_PROJECTION,gpu_user_annotation,7526527054790.396,1504.3,7,0
G11_QKV_PROJECTION,gpu_user_annotation,7526525241382.258,3148.087,7,0
G11_QKV_PROJECTION,gpu_user_annotation,7526527132876.393,2424.562,7,0
G11_BF16_ATTN,gpu_user_annotation,7526524792085.539,1912.623,7,0
G11_WRAPPER,gpu_user_annotation,7526529582515.167,18981.283,7,0
G11_QKV_PROJECTION,gpu_user_annotation,7526529582947.522,1603.565,7,0
G11_WRAPPER,gpu_user_annotation,7526526633020.962,17518.007,7,0
G11_BF16_ATTN,gpu_user_annotation,7526525220659.144,1849.071,7,0
G11_ATTN_OUTPUT_PROJECTION,gpu_user_annotation,7526529603332.621,445.189,7,0
G11_BF16_ATTN,gpu_user_annotation,7526526779925.908,1738.798,7,0
G11_WRAPPER,gpu_user_annotation,7526527785307.855,47898.917,7,0
G11_QKV_PROJECTION,gpu_user_annotation,7526526856486.994,2356.338,7,0
G11_WRAPPER,gpu_user_annotation,7526529605216.601,17510.777,7,0
G11_QKV_PROJECTION,gpu_user_annotation,7526529605301.082,1596.621,7,0
G11_BF16_ATTN,gpu_user_annotation,7526529622729.168,2205.969,7,0
G11_WRAPPER,gpu_user_annotation,7526532490020.009,52154.44,7,0
G11_ATTN_OUTPUT_PROJECTION,gpu_user_annotation,7526527287988.605,101.954,7,0
G11_WRAPPER,gpu_user_annotation,7526529627192.207,13233.724,7,0
G11_QKV_PROJECTION,gpu_user_annotation,7526529627725.81,2495.955,7,0
G11_BF16_ATTN,gpu_user_annotation,7526529640427.113,2208.497,7,0
G11_ATTN_OUTPUT_PROJECTION,gpu_user_annotation,7526529642636.567,101.507,7,0
G11_QKV_PROJECTION,gpu_user_annotation,7526529645704.14,3051.319,7,0
G11_BF16_ATTN,gpu_user_annotation,7526529663457.413,2208.433,7,0
G11_ATTN_OUTPUT_PROJECTION,gpu_user_annotation,7526529665976.95,102.499,7,0
G11_WRAPPER,gpu_user_annotation,7526530485835.091,18317.695,7,0
G11_ATTN_OUTPUT_PROJECTION,gpu_user_annotation,7526528574742.608,103.523,7,0
G11_WRAPPER,gpu_user_annotation,7526531488850.992,51516.996,7,0
G11_WRAPPER,gpu_user_annotation,7526531599092.325,49380.245,7,0
G11_ATTN_OUTPUT_PROJECTION,gpu_user_annotation,7526526316479.047,104.067,7,0
G11_BF16_ATTN,gpu_user_annotation,7526523834115.611,1096.713,7,0
G11_WRAPPER,gpu_user_annotation,7526531700773.375,47173.478,7,0
G11_WRAPPER,gpu_user_annotation,7526531803896.515,51127.265,7,0
G11_QKV_PROJECTION,gpu_user_annotation,7526526272263.265,1892.751,7,0
G11_WRAPPER,gpu_user_annotation,7526531968287.435,60492.354,7,0
G11_WRAPPER,gpu_user_annotation,7526532184030.292,54293.239,7,0
G11_WRAPPER,gpu_user_annotation,7526532240465.464,49377.173,7,0
G11_ATTN_OUTPUT_PROJECTION,gpu_user_annotation,7526530332299.393,100.259,7,0
G11_QKV_PROJECTION,gpu_user_annotation,7526530335536.599,1653.389,7,0
G11_ATTN_OUTPUT_PROJECTION,gpu_user_annotation,7526530347378.567,102.531,7,0
G11_QKV_PROJECTION,gpu_user_annotation,7526530350393.596,1799.95,7,0
G11_ATTN_OUTPUT_PROJECTION,gpu_user_annotation,7526530363020.529,101.859,7,0
G11_QKV_PROJECTION,gpu_user_annotation,7526530365820.324,1792.399,7,0
G11_BF16_ATTN,gpu_user_annotation,7526526849713.253,2046.416,7,0
G11_ATTN_OUTPUT_PROJECTION,gpu_user_annotation,7526530377998.359,100.387,7,0
G11_WRAPPER,gpu_user_annotation,7526530380437.416,10466.953,7,0
G11_QKV_PROJECTION,gpu_user_annotation,7526530380827.53,1777.838,7,0
G11_WRAPPER,gpu_user_annotation,7526527735999.043,44584.015,7,0
G11_QKV_PROJECTION,gpu_user_annotation,7526524550892.499,1408.46,7,0
G11_ATTN_OUTPUT_PROJECTION,gpu_user_annotation,7526530393202.302,103.075,7,0
G11_QKV_PROJECTION,gpu_user_annotation,7526530396095.442,1699.693,7,0
G11_BF16_ATTN,gpu_user_annotation,7526525870817.745,1860.686,7,0
G11_ATTN_OUTPUT_PROJECTION,gpu_user_annotation,7526530407996.739,102.306,7,0
G11_WRAPPER,gpu_user_annotation,7526530410606.388,10252.456,7,0
G11_QKV_PROJECTION,gpu_user_annotation,7526530410948.087,1708.461,7,0
G11_ATTN_OUTPUT_PROJECTION,gpu_user_annotation,7526530423136.233,102.243,7,0
G11_WRAPPER,gpu_user_annotation,7526530425802.427,10045.159,7,0
G11_QKV_PROJECTION,gpu_user_annotation,7526530426158.59,1796.718,7,0
G11_ATTN_OUTPUT_PROJECTION,gpu_user_annotation,7526530438147.471,102.595,7,0
G11_BF16_ATTN,gpu_user_annotation,7526530504154.64,2342.93,7,0
G11_ATTN_OUTPUT_PROJECTION,gpu_user_annotation,7526530506498.623,101.859,7,0
G11_QKV_PROJECTION,gpu_user_annotation,7526530508825.135,2819.413,7,0
G11_BF16_ATTN,gpu_user_annotation,7526530526849.386,2341.169,7,0
G11_ATTN_OUTPUT_PROJECTION,gpu_user_annotation,7526530529191.514,102.851,7,0
G11_WRAPPER,gpu_user_annotation,7526530531511.305,22276.122,7,0
G11_QKV_PROJECTION,gpu_user_annotation,7526530531597.45,2816.149,7,0
G11_BF16_ATTN,gpu_user_annotation,7526530553788.704,2145.969,7,0
G11_ATTN_OUTPUT_PROJECTION,gpu_user_annotation,7526530556282.066,101.73,7,0
G11_WRAPPER,gpu_user_annotation,7526530558434.24,19229.253,7,0
G11_ATTN_OUTPUT_PROJECTION,gpu_user_annotation,7526524896574.171,105.506,7,0
G11_QKV_PROJECTION,gpu_user_annotation,7526530558884.163,1577.805,7,0
G11_WRAPPER,gpu_user_annotation,7526530582002.208,19411.91,7,0
G11_QKV_PROJECTION,gpu_user_annotation,7526530582396.963,1635.501,7,0
G11_BF16_ATTN,gpu_user_annotation,7526525438054.703,1865.039,7,0
G11_BF16_ATTN,gpu_user_annotation,7526530601416.196,2144.912,7,0
G11_ATTN_OUTPUT_PROJECTION,gpu_user_annotation,7526525440287.39,102.915,7,0
G11_ATTN_OUTPUT_PROJECTION,gpu_user_annotation,7526530603907.157,103.01,7,0
G11_WRAPPER,gpu_user_annotation,7526525442797.903,15068.07,7,0
G11_WRAPPER,gpu_user_annotation,7526530606065.571,19118.052,7,0
G11_QKV_PROJECTION,gpu_user_annotation,7526525443190.386,1633.58,7,0
G11_QKV_PROJECTION,gpu_user_annotation,7526530606514.182,1581.581,7,0
G11_BF16_ATTN,gpu_user_annotation,7526530625184.869,2153.201,7,0
G11_QKV_PROJECTION,gpu_user_annotation,7526530630286.024,1579.02,7,0
G11_BF16_ATTN,gpu_user_annotation,7526530649065.383,2153.169,7,0
G11_QKV_PROJECTION,gpu_user_annotation,7526525983758.688,1607.693,7,0
G11_ATTN_OUTPUT_PROJECTION,gpu_user_annotation,7526530651565.688,102.371,7,0
G11_WRAPPER,gpu_user_annotation,7526527939274.46,46460.218,7,0
G11_BF16_ATTN,gpu_user_annotation,7526530671946.915,2143.184,7,0
G11_ATTN_OUTPUT_PROJECTION,gpu_user_annotation,7526530674400.915,102.467,7,0
G11_ATTN_OUTPUT_PROJECTION,gpu_user_annotation,7526526921641.54,101.698,7,0
G11_QKV_PROJECTION,gpu_user_annotation,7526530676694.947,1944.495,7,0
G11_BF16_ATTN,gpu_user_annotation,7526530695366.37,2145.232,7,0
G11_ATTN_OUTPUT_PROJECTION,gpu_user_annotation,7526530697821.202,100.739,7,0
G11_WRAPPER,gpu_user_annotation,7526530700036.449,18550.752,7,0
G11_QKV_PROJECTION,gpu_user_annotation,7526530700468.356,1604.365,7,0
G11_BF16_ATTN,gpu_user_annotation,7526530718588.511,2513.683,7,0
G11_ATTN_OUTPUT_PROJECTION,gpu_user_annotation,7526530721412.498,101.763,7,0
G11_WRAPPER,gpu_user_annotation,7526530723302.527,17767.899,7,0
G11_QKV_PROJECTION,gpu_user_annotation,7526530723696.706,1602.253,7,0
G11_ATTN_OUTPUT_PROJECTION,gpu_user_annotation,7526525959523.455,105.763,7,0
G11_BF16_ATTN,gpu_user_annotation,7526530741071.672,2205.233,7,0
G11_ATTN_OUTPUT_PROJECTION,gpu_user_annotation,7526530743621.353,101.507,7,0
G11_WRAPPER,gpu_user_annotation,7526530746642.942,16695.187,7,0
G11_ATTN_OUTPUT_PROJECTION,gpu_user_annotation,7526530765682.751,101.571,7,0
G11_BF16_ATTN,gpu_user_annotation,7526523877946.78,1402.539,7,0
G11_WRAPPER,gpu_user_annotation,7526530768016.271,17927.163,7,0
G11_QKV_PROJECTION,gpu_user_annotation,7526530768472.53,2181.008,7,0
G11_BF16_ATTN,gpu_user_annotation,7526530785945.192,1835.215,7,0
G11_ATTN_OUTPUT_PROJECTION,gpu_user_annotation,7526530787781.397,102.786,7,0
G11_BF16_ATTN,gpu_user_annotation,7526524501740.687,1464.395,7,0
G11_WRAPPER,gpu_user_annotation,7526526746409.494,15416.04,7,0
G11_ATTN_OUTPUT_PROJECTION,gpu_user_annotation,7526526763981.195,100.898,7,0
G11_ATTN_OUTPUT_PROJECTION,gpu_user_annotation,7526526781665.952,101.379,7,0
G11_BF16_ATTN,gpu_user_annotation,7526526797114.791,2161.136,7,0
G11_QKV_PROJECTION,gpu_user_annotation,7526526874217.704,2299.185,7,0
G11_QKV_PROJECTION,gpu_user_annotation,7526524461911.912,1579.053,7,0
G11_WRAPPER,gpu_user_annotation,7526526803508.306,11234.06,7,0
G11_BF16_ATTN,gpu_user_annotation,7526526814824.221,2096.496,7,0
G11_BF16_ATTN,gpu_user_annotation,7526530050634.057,2210.577,7,0
G11_QKV_PROJECTION,gpu_user_annotation,7526526891758.653,2379.314,7,0
G11_WRAPPER,gpu_user_annotation,7526526821089.255,10926.122,7,0
G11_QKV_PROJECTION,gpu_user_annotation,7526526821618.986,2292.465,7,0
G11_ATTN_OUTPUT_PROJECTION,gpu_user_annotation,7526526834703.041,102.531,7,0
G11_ATTN_OUTPUT_PROJECTION,gpu_user_annotation,7526526851760.659,100.962,7,0
G11_ATTN_OUTPUT_PROJECTION,gpu_user_annotation,7526526869354.536,103.138,7,0
G11_WRAPPER,gpu_user_annotation,7526526873732.197,11128.044,7,0
G11_QKV_PROJECTION,gpu_user_annotation,7526527440303.262,1633.997,7,0
G11_BF16_ATTN,gpu_user_annotation,7526526884917.551,2054.128,7,0
G11_WRAPPER,gpu_user_annotation,7526530253301.225,10282.92,7,0
G11_QKV_PROJECTION,gpu_user_annotation,7526526965417.826,2239.345,7,0
G11_ATTN_OUTPUT_PROJECTION,gpu_user_annotation,7526526904913.908,100.579,7,0
G11_WRAPPER,gpu_user_annotation,7526526925842.56,11317.037,7,0
G11_BF16_ATTN,gpu_user_annotation,7526526937236.46,2053.551,7,0
G11_WRAPPER,gpu_user_annotation,7526530676299.936,19064.259,7,0
G11_QKV_PROJECTION,gpu_user_annotation,7526527018582.696,1921.295,7,0
G11_ATTN_OUTPUT_PROJECTION,gpu_user_annotation,7526526956506.668,100.451,7,0
G11_BF16_ATTN,gpu_user_annotation,7526529805618.346,2151.6,7,0
G11_WRAPPER,gpu_user_annotation,7526532655940.157,46986.276,7,0
G11_ATTN_OUTPUT_PROJECTION,gpu_user_annotation,7526526978315.353,102.243,7,0
G11_BF16_ATTN,gpu_user_annotation,7526526994073.667,2052.336,7,0
G11_ATTN_OUTPUT_PROJECTION,gpu_user_annotation,7526526996127.025,102.403,7,0
G11_QKV_PROJECTION,gpu_user_annotation,7526529458032.563,2938.454,7,0
G11_BF16_ATTN,gpu_user_annotation,7526527013430.629,2252.338,7,0
G11_WRAPPER,gpu_user_annotation,7526532606890.315,47611.178,7,0
G11_ATTN_OUTPUT_PROJECTION,gpu_user_annotation,7526527036599.841,104.547,7,0
G11_ATTN_OUTPUT_PROJECTION,gpu_user_annotation,7526529195043.391,105.378,7,0
G11_ATTN_OUTPUT_PROJECTION,gpu_user_annotation,7526527051828.872,105.058,7,0
G11_ATTN_OUTPUT_PROJECTION,gpu_user_annotation,7526525239755.111,104.803,7,0
G11_QKV_PROJECTION,gpu_user_annotation,7526526769134.765,2293.521,7,0
G11_ATTN_OUTPUT_PROJECTION,gpu_user_annotation,7526527130280.983,104.131,7,0
G11_BF16_ATTN,gpu_user_annotation,7526527070589.03,1847.534,7,0
G11_ATTN_OUTPUT_PROJECTION,gpu_user_annotation,7526527072747.828,100.931,7,0
G11_BF16_ATTN,gpu_user_annotation,7526525358096.155,2024.559,7,0
G11_WRAPPER,gpu_user_annotation,7526527081006.476,46753.437,7,0
G11_QKV_PROJECTION,gpu_user_annotation,7526527081157.325,1855.278,7,0
G11_QKV_PROJECTION,gpu_user_annotation,7526525559175.926,612.998,7,0
G11_ATTN_OUTPUT_PROJECTION,gpu_user_annotation,7526527230975.453,102.595,7,0
G11_WRAPPER,gpu_user_annotation,7526527289835.913,43699.176,7,0
G11_WRAPPER,gpu_user_annotation,7526526729460.901,10773.321,7,0
G11_WRAPPER,gpu_user_annotation,7526529701035.876,17611.609,7,0
G11_QKV_PROJECTION,gpu_user_annotation,7526527290232.108,1638.349,7,0
G11_QKV_PROJECTION,gpu_user_annotation,7526530486287.318,2447.059,7,0
G11_ATTN_OUTPUT_PROJECTION,gpu_user_annotation,7526526293949.521,101.891,7,0
G11_BF16_ATTN,gpu_user_annotation,7526526312992.784,1997.903,7,0
G11_QKV_PROJECTION,gpu_user_annotation,7526526399666.417,1601.965,7,0
G11_WRAPPER,gpu_user_annotation,7526526318999.096,16091.245,7,0
G11_WRAPPER,gpu_user_annotation,7526532031709.631,44706.229,7,0
G11_BF16_ATTN,gpu_user_annotation,7526530311537.716,2302.002,7,0
G11_WRAPPER,gpu_user_annotation,7526526339700.258,12722.935,7,0
G11_BF16_ATTN,gpu_user_annotation,7526526352424.375,1904.462,7,0
G11_QKV_PROJECTION,gpu_user_annotation,7526526440411.84,617.798,7,0
G11_ATTN_OUTPUT_PROJECTION,gpu_user_annotation,7526526375373.967,101.571,7,0
G11_BF16_ATTN,gpu_user_annotation,7526526394770.065,1545.132,7,0
G11_QKV_PROJECTION,gpu_user_annotation,7526531041950.834,2716.373,7,0
G11_QKV_PROJECTION,gpu_user_annotation,7526528780105.622,1635.565,7,0
G11_QKV_PROJECTION,gpu_user_annotation,7526526479636.165,1602.829,7,0
G11_ATTN_OUTPUT_PROJECTION,gpu_user_annotation,7526526396316.443,101.698,7,0
G11_BF16_ATTN,gpu_user_annotation,7526530763339.439,2342.29,7,0
G11_WRAPPER,gpu_user_annotation,7526526399234.958,15498.761,7,0
G11_BF16_ATTN,gpu_user_annotation,7526526414734.965,2016.208,7,0
G11_WRAPPER,gpu_user_annotation,7526526419362.26,15349.448,7,0
G11_ATTN_OUTPUT_PROJECTION,gpu_user_annotation,7526526436259.076,103.747,7,0
G11_ATTN_OUTPUT_PROJECTION,gpu_user_annotation,7526526454132.092,104.29,7,0
G11_WRAPPER,gpu_user_annotation,7526526456663.565,17793.4,7,0
G11_ATTN_OUTPUT_PROJECTION,gpu_user_annotation,7526531036221.611,101.603,7,0
G11_ATTN_OUTPUT_PROJECTION,gpu_user_annotation,7526528777208.547,100.898,7,0
G11_ATTN_OUTPUT_PROJECTION,gpu_user_annotation,7526526476983.508,103.81,7,0
G11_WRAPPER,gpu_user_annotation,7526531041866.866,18069.02,7,0
G11_WRAPPER,gpu_user_annotation,7526528779714.036,18480.702,7,0
G11_WRAPPER,gpu_user_annotation,7526526479204.578,15765.42,7,0
G11_WRAPPER,gpu_user_annotation,7526526513458.182,13216.635,7,0
G11_ATTN_OUTPUT_PROJECTION,gpu_user_annotation,7526524983668.319,102.082,7,0
G11_QKV_PROJECTION,gpu_user_annotation,7526526513916.202,3371.992,7,0
G11_BF16_ATTN,gpu_user_annotation,7526526526676.639,2341.585,7,0
G11_ATTN_OUTPUT_PROJECTION,gpu_user_annotation,7526531104367.066,102.083,7,0
G11_ATTN_OUTPUT_PROJECTION,gpu_user_annotation,7526525081822.412,100.867,7,0
G11_ATTN_OUTPUT_PROJECTION,gpu_user_annotation,7526528846507.349,102.723,7,0
G11_QKV_PROJECTION,gpu_user_annotation,7526526617244.377,1089.033,7,0
G11_ATTN_OUTPUT_PROJECTION,gpu_user_annotation,7526526529019.086,2529.235,7,0
G11_WRAPPER,gpu_user_annotation,7526526535436.441,13029.721,7,0
G11_ATTN_OUTPUT_PROJECTION,gpu_user_annotation,7526524998748.419,103.043,7,0
G11_QKV_PROJECTION,gpu_user_annotation,7526526535982.364,1432.908,7,0
G11_ATTN_OUTPUT_PROJECTION,gpu_user_annotation,7526525018153.988,106.211,7,0
G11_QKV_PROJECTION,gpu_user_annotation,7526526553598.77,1943.023,7,0
G11_BF16_ATTN,gpu_user_annotation,7526526593695.229,1535.66,7,0
G11_BF16_ATTN,gpu_user_annotation,7526528927117.043,2327.474,7,0
G11_ATTN_OUTPUT_PROJECTION,gpu_user_annotation,7526526595232.167,100.258,7,0
G11_WRAPPER,gpu_user_annotation,7526526598140.186,15491.881,7,0
G11_BF16_ATTN,gpu_user_annotation,7526526613633.889,1536.076,7,0
G11_BF16_ATTN,gpu_user_annotation,7526524631822.313,1415.563,7,0
G11_ATTN_OUTPUT_PROJECTION,gpu_user_annotation,7526526630807.124,100.706,7,0
G11_BF16_ATTN,gpu_user_annotation,7526526650540.855,1849.422,7,0
